date_id,full_date,year,quarter,month,month_name,week,day_of_week,day_name,is_weekend,is_business_day
20190101,2019-01-01,2019,1,1,January,1,2,Tuesday,False,False
20190102,2019-01-02,2019,1,1,January,1,3,Wednesday,False,True
20190103,2019-01-03,2019,1,1,January,1,4,Thursday,False,True
20190104,2019-01-04,2019,1,1,January,1,5,Friday,False,True
20190105,2019-01-05,2019,1,1,January,1,6,Saturday,True,False
20190106,2019-01-06,2019,1,1,January,1,7,Sunday,True,False
20190107,2019-01-07,2019,1,1,January,2,1,Monday,False,True
20190108,2019-01-08,2019,1,1,January,2,2,Tuesday,False,True
20190109,2019-01-09,2019,1,1,January,2,3,Wednesday,False,True
20190110,2019-01-10,2019,1,1,January,2,4,Thursday,False,True
20190111,2019-01-11,2019,1,1,January,2,5,Friday,False,True
20190112,2019-01-12,2019,1,1,January,2,6,Saturday,True,False
20190113,2019-01-13,2019,1,1,January,2,7,Sunday,True,False
20190114,2019-01-14,2019,1,1,January,3,1,Monday,False,True
20190115,2019-01-15,2019,1,1,January,3,2,Tuesday,False,True
20190116,2019-01-16,2019,1,1,January,3,3,Wednesday,False,True
20190117,2019-01-17,2019,1,1,January,3,4,Thursday,False,True
20190118,2019-01-18,2019,1,1,January,3,5,Friday,False,True
20190119,2019-01-19,2019,1,1,January,3,6,Saturday,True,False
20190120,2019-01-20,2019,1,1,January,3,7,Sunday,True,False
20190121,2019-01-21,2019,1,1,January,4,1,Monday,False,True
20190122,2019-01-22,2019,1,1,January,4,2,Tuesday,False,True
20190123,2019-01-23,2019,1,1,January,4,3,Wednesday,False,True
20190124,2019-01-24,2019,1,1,January,4,4,Thursday,False,True
20190125,2019-01-25,2019,1,1,January,4,5,Friday,False,True
20190126,2019-01-26,2019,1,1,January,4,6,Saturday,True,False
20190127,2019-01-27,2019,1,1,January,4,7,Sunday,True,False
20190128,2019-01-28,2019,1,1,January,5,1,Monday,False,True
20190129,2019-01-29,2019,1,1,January,5,2,Tuesday,False,True
20190130,2019-01-30,2019,1,1,January,5,3,Wednesday,False,True
20190131,2019-01-31,2019,1,1,January,5,4,Thursday,False,True
20190201,2019-02-01,2019,1,2,February,5,5,Friday,False,True
20190202,2019-02-02,2019,1,2,February,5,6,Saturday,True,False
20190203,2019-02-03,2019,1,2,February,5,7,Sunday,True,False
20190204,2019-02-04,2019,1,2,February,6,1,Monday,False,True
20190205,2019-02-05,2019,1,2,February,6,2,Tuesday,False,True
20190206,2019-02-06,2019,1,2,February,6,3,Wednesday,False,True
20190207,2019-02-07,2019,1,2,February,6,4,Thursday,False,True
20190208,2019-02-08,2019,1,2,February,6,5,Friday,False,True
20190209,2019-02-09,2019,1,2,February,6,6,Saturday,True,False
20190210,2019-02-10,2019,1,2,February,6,7,Sunday,True,False
20190211,2019-02-11,2019,1,2,February,7,1,Monday,False,True
20190212,2019-02-12,2019,1,2,February,7,2,Tuesday,False,True
20190213,2019-02-13,2019,1,2,February,7,3,Wednesday,False,True
20190214,2019-02-14,2019,1,2,February,7,4,Thursday,False,True
20190215,2019-02-15,2019,1,2,February,7,5,Friday,False,True
20190216,2019-02-16,2019,1,2,February,7,6,Saturday,True,False
20190217,2019-02-17,2019,1,2,February,7,7,Sunday,True,False
20190218,2019-02-18,2019,1,2,February,8,1,Monday,False,True
20190219,2019-02-19,2019,1,2,February,8,2,Tuesday,False,True
20190220,2019-02-20,2019,1,2,February,8,3,Wednesday,False,True
20190221,2019-02-21,2019,1,2,February,8,4,Thursday,False,True
20190222,2019-02-22,2019,1,2,February,8,5,Friday,False,True
20190223,2019-02-23,2019,1,2,February,8,6,Saturday,True,False
20190224,2019-02-24,2019,1,2,February,8,7,Sunday,True,False
20190225,2019-02-25,2019,1,2,February,9,1,Monday,False,True
20190226,2019-02-26,2019,1,2,February,9,2,Tuesday,False,True
20190227,2019-02-27,2019,1,2,February,9,3,Wednesday,False,True
20190228,2019-02-28,2019,1,2,February,9,4,Thursday,False,True
20190301,2019-03-01,2019,1,3,March,9,5,Friday,False,True
20190302,2019-03-02,2019,1,3,March,9,6,Saturday,True,False
20190303,2019-03-03,2019,1,3,March,9,7,Sunday,True,False
20190304,2019-03-04,2019,1,3,March,10,1,Monday,False,True
20190305,2019-03-05,2019,1,3,March,10,2,Tuesday,False,True
20190306,2019-03-06,2019,1,3,March,10,3,Wednesday,False,True
20190307,2019-03-07,2019,1,3,March,10,4,Thursday,False,True
20190308,2019-03-08,2019,1,3,March,10,5,Friday,False,True
20190309,2019-03-09,2019,1,3,March,10,6,Saturday,True,False
20190310,2019-03-10,2019,1,3,March,10,7,Sunday,True,False
20190311,2019-03-11,2019,1,3,March,11,1,Monday,False,True
20190312,2019-03-12,2019,1,3,March,11,2,Tuesday,False,True
20190313,2019-03-13,2019,1,3,March,11,3,Wednesday,False,True
20190314,2019-03-14,2019,1,3,March,11,4,Thursday,False,True
20190315,2019-03-15,2019,1,3,March,11,5,Friday,False,True
20190316,2019-03-16,2019,1,3,March,11,6,Saturday,True,False
20190317,2019-03-17,2019,1,3,March,11,7,Sunday,True,False
20190318,2019-03-18,2019,1,3,March,12,1,Monday,False,True
20190319,2019-03-19,2019,1,3,March,12,2,Tuesday,False,True
20190320,2019-03-20,2019,1,3,March,12,3,Wednesday,False,True
20190321,2019-03-21,2019,1,3,March,12,4,Thursday,False,True
20190322,2019-03-22,2019,1,3,March,12,5,Friday,False,True
20190323,2019-03-23,2019,1,3,March,12,6,Saturday,True,False
20190324,2019-03-24,2019,1,3,March,12,7,Sunday,True,False
20190325,2019-03-25,2019,1,3,March,13,1,Monday,False,True
20190326,2019-03-26,2019,1,3,March,13,2,Tuesday,False,True
20190327,2019-03-27,2019,1,3,March,13,3,Wednesday,False,True
20190328,2019-03-28,2019,1,3,March,13,4,Thursday,False,True
20190329,2019-03-29,2019,1,3,March,13,5,Friday,False,True
20190330,2019-03-30,2019,1,3,March,13,6,Saturday,True,False
20190331,2019-03-31,2019,1,3,March,13,7,Sunday,True,False
20190401,2019-04-01,2019,2,4,April,14,1,Monday,False,True
20190402,2019-04-02,2019,2,4,April,14,2,Tuesday,False,True
20190403,2019-04-03,2019,2,4,April,14,3,Wednesday,False,True
20190404,2019-04-04,2019,2,4,April,14,4,Thursday,False,True
20190405,2019-04-05,2019,2,4,April,14,5,Friday,False,True
20190406,2019-04-06,2019,2,4,April,14,6,Saturday,True,False
20190407,2019-04-07,2019,2,4,April,14,7,Sunday,True,False
20190408,2019-04-08,2019,2,4,April,15,1,Monday,False,True
20190409,2019-04-09,2019,2,4,April,15,2,Tuesday,False,True
20190410,2019-04-10,2019,2,4,April,15,3,Wednesday,False,True
20190411,2019-04-11,2019,2,4,April,15,4,Thursday,False,True
20190412,2019-04-12,2019,2,4,April,15,5,Friday,False,True
20190413,2019-04-13,2019,2,4,April,15,6,Saturday,True,False
20190414,2019-04-14,2019,2,4,April,15,7,Sunday,True,False
20190415,2019-04-15,2019,2,4,April,16,1,Monday,False,True
20190416,2019-04-16,2019,2,4,April,16,2,Tuesday,False,True
20190417,2019-04-17,2019,2,4,April,16,3,Wednesday,False,True
20190418,2019-04-18,2019,2,4,April,16,4,Thursday,False,True
20190419,2019-04-19,2019,2,4,April,16,5,Friday,False,True
20190420,2019-04-20,2019,2,4,April,16,6,Saturday,True,False
20190421,2019-04-21,2019,2,4,April,16,7,Sunday,True,False
20190422,2019-04-22,2019,2,4,April,17,1,Monday,False,True
20190423,2019-04-23,2019,2,4,April,17,2,Tuesday,False,True
20190424,2019-04-24,2019,2,4,April,17,3,Wednesday,False,True
20190425,2019-04-25,2019,2,4,April,17,4,Thursday,False,True
20190426,2019-04-26,2019,2,4,April,17,5,Friday,False,True
20190427,2019-04-27,2019,2,4,April,17,6,Saturday,True,False
20190428,2019-04-28,2019,2,4,April,17,7,Sunday,True,False
20190429,2019-04-29,2019,2,4,April,18,1,Monday,False,True
20190430,2019-04-30,2019,2,4,April,18,2,Tuesday,False,True
20190501,2019-05-01,2019,2,5,May,18,3,Wednesday,False,False
20190502,2019-05-02,2019,2,5,May,18,4,Thursday,False,True
20190503,2019-05-03,2019,2,5,May,18,5,Friday,False,True
20190504,2019-05-04,2019,2,5,May,18,6,Saturday,True,False
20190505,2019-05-05,2019,2,5,May,18,7,Sunday,True,False
20190506,2019-05-06,2019,2,5,May,19,1,Monday,False,True
20190507,2019-05-07,2019,2,5,May,19,2,Tuesday,False,True
20190508,2019-05-08,2019,2,5,May,19,3,Wednesday,False,True
20190509,2019-05-09,2019,2,5,May,19,4,Thursday,False,True
20190510,2019-05-10,2019,2,5,May,19,5,Friday,False,True
20190511,2019-05-11,2019,2,5,May,19,6,Saturday,True,False
20190512,2019-05-12,2019,2,5,May,19,7,Sunday,True,False
20190513,2019-05-13,2019,2,5,May,20,1,Monday,False,True
20190514,2019-05-14,2019,2,5,May,20,2,Tuesday,False,True
20190515,2019-05-15,2019,2,5,May,20,3,Wednesday,False,True
20190516,2019-05-16,2019,2,5,May,20,4,Thursday,False,True
20190517,2019-05-17,2019,2,5,May,20,5,Friday,False,True
20190518,2019-05-18,2019,2,5,May,20,6,Saturday,True,False
20190519,2019-05-19,2019,2,5,May,20,7,Sunday,True,False
20190520,2019-05-20,2019,2,5,May,21,1,Monday,False,True
20190521,2019-05-21,2019,2,5,May,21,2,Tuesday,False,True
20190522,2019-05-22,2019,2,5,May,21,3,Wednesday,False,True
20190523,2019-05-23,2019,2,5,May,21,4,Thursday,False,True
20190524,2019-05-24,2019,2,5,May,21,5,Friday,False,True
20190525,2019-05-25,2019,2,5,May,21,6,Saturday,True,False
20190526,2019-05-26,2019,2,5,May,21,7,Sunday,True,False
20190527,2019-05-27,2019,2,5,May,22,1,Monday,False,True
20190528,2019-05-28,2019,2,5,May,22,2,Tuesday,False,True
20190529,2019-05-29,2019,2,5,May,22,3,Wednesday,False,True
20190530,2019-05-30,2019,2,5,May,22,4,Thursday,False,True
20190531,2019-05-31,2019,2,5,May,22,5,Friday,False,True
20190601,2019-06-01,2019,2,6,June,22,6,Saturday,True,False
20190602,2019-06-02,2019,2,6,June,22,7,Sunday,True,False
20190603,2019-06-03,2019,2,6,June,23,1,Monday,False,True
20190604,2019-06-04,2019,2,6,June,23,2,Tuesday,False,True
20190605,2019-06-05,2019,2,6,June,23,3,Wednesday,False,True
20190606,2019-06-06,2019,2,6,June,23,4,Thursday,False,True
20190607,2019-06-07,2019,2,6,June,23,5,Friday,False,True
20190608,2019-06-08,2019,2,6,June,23,6,Saturday,True,False
20190609,2019-06-09,2019,2,6,June,23,7,Sunday,True,False
20190610,2019-06-10,2019,2,6,June,24,1,Monday,False,True
20190611,2019-06-11,2019,2,6,June,24,2,Tuesday,False,True
20190612,2019-06-12,2019,2,6,June,24,3,Wednesday,False,True
20190613,2019-06-13,2019,2,6,June,24,4,Thursday,False,True
20190614,2019-06-14,2019,2,6,June,24,5,Friday,False,True
20190615,2019-06-15,2019,2,6,June,24,6,Saturday,True,False
20190616,2019-06-16,2019,2,6,June,24,7,Sunday,True,False
20190617,2019-06-17,2019,2,6,June,25,1,Monday,False,True
20190618,2019-06-18,2019,2,6,June,25,2,Tuesday,False,True
20190619,2019-06-19,2019,2,6,June,25,3,Wednesday,False,True
20190620,2019-06-20,2019,2,6,June,25,4,Thursday,False,True
20190621,2019-06-21,2019,2,6,June,25,5,Friday,False,True
20190622,2019-06-22,2019,2,6,June,25,6,Saturday,True,False
20190623,2019-06-23,2019,2,6,June,25,7,Sunday,True,False
20190624,2019-06-24,2019,2,6,June,26,1,Monday,False,True
20190625,2019-06-25,2019,2,6,June,26,2,Tuesday,False,True
20190626,2019-06-26,2019,2,6,June,26,3,Wednesday,False,True
20190627,2019-06-27,2019,2,6,June,26,4,Thursday,False,True
20190628,2019-06-28,2019,2,6,June,26,5,Friday,False,True
20190629,2019-06-29,2019,2,6,June,26,6,Saturday,True,False
20190630,2019-06-30,2019,2,6,June,26,7,Sunday,True,False
20190701,2019-07-01,2019,3,7,July,27,1,Monday,False,True
20190702,2019-07-02,2019,3,7,July,27,2,Tuesday,False,True
20190703,2019-07-03,2019,3,7,July,27,3,Wednesday,False,True
20190704,2019-07-04,2019,3,7,July,27,4,Thursday,False,True
20190705,2019-07-05,2019,3,7,July,27,5,Friday,False,True
20190706,2019-07-06,2019,3,7,July,27,6,Saturday,True,False
20190707,2019-07-07,2019,3,7,July,27,7,Sunday,True,False
20190708,2019-07-08,2019,3,7,July,28,1,Monday,False,True
20190709,2019-07-09,2019,3,7,July,28,2,Tuesday,False,True
20190710,2019-07-10,2019,3,7,July,28,3,Wednesday,False,True
20190711,2019-07-11,2019,3,7,July,28,4,Thursday,False,True
20190712,2019-07-12,2019,3,7,July,28,5,Friday,False,True
20190713,2019-07-13,2019,3,7,July,28,6,Saturday,True,False
20190714,2019-07-14,2019,3,7,July,28,7,Sunday,True,False
20190715,2019-07-15,2019,3,7,July,29,1,Monday,False,True
20190716,2019-07-16,2019,3,7,July,29,2,Tuesday,False,True
20190717,2019-07-17,2019,3,7,July,29,3,Wednesday,False,True
20190718,2019-07-18,2019,3,7,July,29,4,Thursday,False,True
20190719,2019-07-19,2019,3,7,July,29,5,Friday,False,True
20190720,2019-07-20,2019,3,7,July,29,6,Saturday,True,False
20190721,2019-07-21,2019,3,7,July,29,7,Sunday,True,False
20190722,2019-07-22,2019,3,7,July,30,1,Monday,False,True
20190723,2019-07-23,2019,3,7,July,30,2,Tuesday,False,True
20190724,2019-07-24,2019,3,7,July,30,3,Wednesday,False,True
20190725,2019-07-25,2019,3,7,July,30,4,Thursday,False,True
20190726,2019-07-26,2019,3,7,July,30,5,Friday,False,True
20190727,2019-07-27,2019,3,7,July,30,6,Saturday,True,False
20190728,2019-07-28,2019,3,7,July,30,7,Sunday,True,False
20190729,2019-07-29,2019,3,7,July,31,1,Monday,False,True
20190730,2019-07-30,2019,3,7,July,31,2,Tuesday,False,True
20190731,2019-07-31,2019,3,7,July,31,3,Wednesday,False,True
20190801,2019-08-01,2019,3,8,August,31,4,Thursday,False,True
20190802,2019-08-02,2019,3,8,August,31,5,Friday,False,True
20190803,2019-08-03,2019,3,8,August,31,6,Saturday,True,False
20190804,2019-08-04,2019,3,8,August,31,7,Sunday,True,False
20190805,2019-08-05,2019,3,8,August,32,1,Monday,False,True
20190806,2019-08-06,2019,3,8,August,32,2,Tuesday,False,True
20190807,2019-08-07,2019,3,8,August,32,3,Wednesday,False,True
20190808,2019-08-08,2019,3,8,August,32,4,Thursday,False,True
20190809,2019-08-09,2019,3,8,August,32,5,Friday,False,True
20190810,2019-08-10,2019,3,8,August,32,6,Saturday,True,False
20190811,2019-08-11,2019,3,8,August,32,7,Sunday,True,False
20190812,2019-08-12,2019,3,8,August,33,1,Monday,False,True
20190813,2019-08-13,2019,3,8,August,33,2,Tuesday,False,True
20190814,2019-08-14,2019,3,8,August,33,3,Wednesday,False,True
20190815,2019-08-15,2019,3,8,August,33,4,Thursday,False,True
20190816,2019-08-16,2019,3,8,August,33,5,Friday,False,True
20190817,2019-08-17,2019,3,8,August,33,6,Saturday,True,False
20190818,2019-08-18,2019,3,8,August,33,7,Sunday,True,False
20190819,2019-08-19,2019,3,8,August,34,1,Monday,False,True
20190820,2019-08-20,2019,3,8,August,34,2,Tuesday,False,True
20190821,2019-08-21,2019,3,8,August,34,3,Wednesday,False,True
20190822,2019-08-22,2019,3,8,August,34,4,Thursday,False,True
20190823,2019-08-23,2019,3,8,August,34,5,Friday,False,True
20190824,2019-08-24,2019,3,8,August,34,6,Saturday,True,False
20190825,2019-08-25,2019,3,8,August,34,7,Sunday,True,False
20190826,2019-08-26,2019,3,8,August,35,1,Monday,False,True
20190827,2019-08-27,2019,3,8,August,35,2,Tuesday,False,True
20190828,2019-08-28,2019,3,8,August,35,3,Wednesday,False,True
20190829,2019-08-29,2019,3,8,August,35,4,Thursday,False,True
20190830,2019-08-30,2019,3,8,August,35,5,Friday,False,True
20190831,2019-08-31,2019,3,8,August,35,6,Saturday,True,False
20190901,2019-09-01,2019,3,9,September,35,7,Sunday,True,False
20190902,2019-09-02,2019,3,9,September,36,1,Monday,False,True
20190903,2019-09-03,2019,3,9,September,36,2,Tuesday,False,True
20190904,2019-09-04,2019,3,9,September,36,3,Wednesday,False,True
20190905,2019-09-05,2019,3,9,September,36,4,Thursday,False,True
20190906,2019-09-06,2019,3,9,September,36,5,Friday,False,True
20190907,2019-09-07,2019,3,9,September,36,6,Saturday,True,False
20190908,2019-09-08,2019,3,9,September,36,7,Sunday,True,False
20190909,2019-09-09,2019,3,9,September,37,1,Monday,False,True
20190910,2019-09-10,2019,3,9,September,37,2,Tuesday,False,True
20190911,2019-09-11,2019,3,9,September,37,3,Wednesday,False,True
20190912,2019-09-12,2019,3,9,September,37,4,Thursday,False,True
20190913,2019-09-13,2019,3,9,September,37,5,Friday,False,True
20190914,2019-09-14,2019,3,9,September,37,6,Saturday,True,False
20190915,2019-09-15,2019,3,9,September,37,7,Sunday,True,False
20190916,2019-09-16,2019,3,9,September,38,1,Monday,False,True
20190917,2019-09-17,2019,3,9,September,38,2,Tuesday,False,True
20190918,2019-09-18,2019,3,9,September,38,3,Wednesday,False,True
20190919,2019-09-19,2019,3,9,September,38,4,Thursday,False,True
20190920,2019-09-20,2019,3,9,September,38,5,Friday,False,True
20190921,2019-09-21,2019,3,9,September,38,6,Saturday,True,False
20190922,2019-09-22,2019,3,9,September,38,7,Sunday,True,False
20190923,2019-09-23,2019,3,9,September,39,1,Monday,False,True
20190924,2019-09-24,2019,3,9,September,39,2,Tuesday,False,True
20190925,2019-09-25,2019,3,9,September,39,3,Wednesday,False,True
20190926,2019-09-26,2019,3,9,September,39,4,Thursday,False,True
20190927,2019-09-27,2019,3,9,September,39,5,Friday,False,True
20190928,2019-09-28,2019,3,9,September,39,6,Saturday,True,False
20190929,2019-09-29,2019,3,9,September,39,7,Sunday,True,False
20190930,2019-09-30,2019,3,9,September,40,1,Monday,False,True
20191001,2019-10-01,2019,4,10,October,40,2,Tuesday,False,True
20191002,2019-10-02,2019,4,10,October,40,3,Wednesday,False,True
20191003,2019-10-03,2019,4,10,October,40,4,Thursday,False,True
20191004,2019-10-04,2019,4,10,October,40,5,Friday,False,True
20191005,2019-10-05,2019,4,10,October,40,6,Saturday,True,False
20191006,2019-10-06,2019,4,10,October,40,7,Sunday,True,False
20191007,2019-10-07,2019,4,10,October,41,1,Monday,False,True
20191008,2019-10-08,2019,4,10,October,41,2,Tuesday,False,True
20191009,2019-10-09,2019,4,10,October,41,3,Wednesday,False,True
20191010,2019-10-10,2019,4,10,October,41,4,Thursday,False,True
20191011,2019-10-11,2019,4,10,October,41,5,Friday,False,True
20191012,2019-10-12,2019,4,10,October,41,6,Saturday,True,False
20191013,2019-10-13,2019,4,10,October,41,7,Sunday,True,False
20191014,2019-10-14,2019,4,10,October,42,1,Monday,False,True
20191015,2019-10-15,2019,4,10,October,42,2,Tuesday,False,True
20191016,2019-10-16,2019,4,10,October,42,3,Wednesday,False,True
20191017,2019-10-17,2019,4,10,October,42,4,Thursday,False,True
20191018,2019-10-18,2019,4,10,October,42,5,Friday,False,True
20191019,2019-10-19,2019,4,10,October,42,6,Saturday,True,False
20191020,2019-10-20,2019,4,10,October,42,7,Sunday,True,False
20191021,2019-10-21,2019,4,10,October,43,1,Monday,False,True
20191022,2019-10-22,2019,4,10,October,43,2,Tuesday,False,True
20191023,2019-10-23,2019,4,10,October,43,3,Wednesday,False,True
20191024,2019-10-24,2019,4,10,October,43,4,Thursday,False,True
20191025,2019-10-25,2019,4,10,October,43,5,Friday,False,True
20191026,2019-10-26,2019,4,10,October,43,6,Saturday,True,False
20191027,2019-10-27,2019,4,10,October,43,7,Sunday,True,False
20191028,2019-10-28,2019,4,10,October,44,1,Monday,False,True
20191029,2019-10-29,2019,4,10,October,44,2,Tuesday,False,True
20191030,2019-10-30,2019,4,10,October,44,3,Wednesday,False,True
20191031,2019-10-31,2019,4,10,October,44,4,Thursday,False,True
20191101,2019-11-01,2019,4,11,November,44,5,Friday,False,True
20191102,2019-11-02,2019,4,11,November,44,6,Saturday,True,False
20191103,2019-11-03,2019,4,11,November,44,7,Sunday,True,False
20191104,2019-11-04,2019,4,11,November,45,1,Monday,False,True
20191105,2019-11-05,2019,4,11,November,45,2,Tuesday,False,True
20191106,2019-11-06,2019,4,11,November,45,3,Wednesday,False,True
20191107,2019-11-07,2019,4,11,November,45,4,Thursday,False,True
20191108,2019-11-08,2019,4,11,November,45,5,Friday,False,True
20191109,2019-11-09,2019,4,11,November,45,6,Saturday,True,False
20191110,2019-11-10,2019,4,11,November,45,7,Sunday,True,False
20191111,2019-11-11,2019,4,11,November,46,1,Monday,False,True
20191112,2019-11-12,2019,4,11,November,46,2,Tuesday,False,True
20191113,2019-11-13,2019,4,11,November,46,3,Wednesday,False,True
20191114,2019-11-14,2019,4,11,November,46,4,Thursday,False,True
20191115,2019-11-15,2019,4,11,November,46,5,Friday,False,False
20191116,2019-11-16,2019,4,11,November,46,6,Saturday,True,False
20191117,2019-11-17,2019,4,11,November,46,7,Sunday,True,False
20191118,2019-11-18,2019,4,11,November,47,1,Monday,False,True
20191119,2019-11-19,2019,4,11,November,47,2,Tuesday,False,True
20191120,2019-11-20,2019,4,11,November,47,3,Wednesday,False,True
20191121,2019-11-21,2019,4,11,November,47,4,Thursday,False,True
20191122,2019-11-22,2019,4,11,November,47,5,Friday,False,True
20191123,2019-11-23,2019,4,11,November,47,6,Saturday,True,False
20191124,2019-11-24,2019,4,11,November,47,7,Sunday,True,False
20191125,2019-11-25,2019,4,11,November,48,1,Monday,False,True
20191126,2019-11-26,2019,4,11,November,48,2,Tuesday,False,True
20191127,2019-11-27,2019,4,11,November,48,3,Wednesday,False,True
20191128,2019-11-28,2019,4,11,November,48,4,Thursday,False,True
20191129,2019-11-29,2019,4,11,November,48,5,Friday,False,True
20191130,2019-11-30,2019,4,11,November,48,6,Saturday,True,False
20191201,2019-12-01,2019,4,12,December,48,7,Sunday,True,False
20191202,2019-12-02,2019,4,12,December,49,1,Monday,False,True
20191203,2019-12-03,2019,4,12,December,49,2,Tuesday,False,True
20191204,2019-12-04,2019,4,12,December,49,3,Wednesday,False,True
20191205,2019-12-05,2019,4,12,December,49,4,Thursday,False,True
20191206,2019-12-06,2019,4,12,December,49,5,Friday,False,True
20191207,2019-12-07,2019,4,12,December,49,6,Saturday,True,False
20191208,2019-12-08,2019,4,12,December,49,7,Sunday,True,False
20191209,2019-12-09,2019,4,12,December,50,1,Monday,False,True
20191210,2019-12-10,2019,4,12,December,50,2,Tuesday,False,True
20191211,2019-12-11,2019,4,12,December,50,3,Wednesday,False,True
20191212,2019-12-12,2019,4,12,December,50,4,Thursday,False,True
20191213,2019-12-13,2019,4,12,December,50,5,Friday,False,True
20191214,2019-12-14,2019,4,12,December,50,6,Saturday,True,False
20191215,2019-12-15,2019,4,12,December,50,7,Sunday,True,False
20191216,2019-12-16,2019,4,12,December,51,1,Monday,False,True
20191217,2019-12-17,2019,4,12,December,51,2,Tuesday,False,True
20191218,2019-12-18,2019,4,12,December,51,3,Wednesday,False,True
20191219,2019-12-19,2019,4,12,December,51,4,Thursday,False,True
20191220,2019-12-20,2019,4,12,December,51,5,Friday,False,True
20191221,2019-12-21,2019,4,12,December,51,6,Saturday,True,False
20191222,2019-12-22,2019,4,12,December,51,7,Sunday,True,False
20191223,2019-12-23,2019,4,12,December,52,1,Monday,False,True
20191224,2019-12-24,2019,4,12,December,52,2,Tuesday,False,True
20191225,2019-12-25,2019,4,12,December,52,3,Wednesday,False,False
20191226,2019-12-26,2019,4,12,December,52,4,Thursday,False,True
20191227,2019-12-27,2019,4,12,December,52,5,Friday,False,True
20191228,2019-12-28,2019,4,12,December,52,6,Saturday,True,False
20191229,2019-12-29,2019,4,12,December,52,7,Sunday,True,False
20191230,2019-12-30,2019,4,12,December,1,1,Monday,False,True
20191231,2019-12-31,2019,4,12,December,1,2,Tuesday,False,True
20200101,2020-01-01,2020,1,1,January,1,3,Wednesday,False,False
20200102,2020-01-02,2020,1,1,January,1,4,Thursday,False,True
20200103,2020-01-03,2020,1,1,January,1,5,Friday,False,True
20200104,2020-01-04,2020,1,1,January,1,6,Saturday,True,False
20200105,2020-01-05,2020,1,1,January,1,7,Sunday,True,False
20200106,2020-01-06,2020,1,1,January,2,1,Monday,False,True
20200107,2020-01-07,2020,1,1,January,2,2,Tuesday,False,True
20200108,2020-01-08,2020,1,1,January,2,3,Wednesday,False,True
20200109,2020-01-09,2020,1,1,January,2,4,Thursday,False,True
20200110,2020-01-10,2020,1,1,January,2,5,Friday,False,True
20200111,2020-01-11,2020,1,1,January,2,6,Saturday,True,False
20200112,2020-01-12,2020,1,1,January,2,7,Sunday,True,False
20200113,2020-01-13,2020,1,1,January,3,1,Monday,False,True
20200114,2020-01-14,2020,1,1,January,3,2,Tuesday,False,True
20200115,2020-01-15,2020,1,1,January,3,3,Wednesday,False,True
20200116,2020-01-16,2020,1,1,January,3,4,Thursday,False,True
20200117,2020-01-17,2020,1,1,January,3,5,Friday,False,True
20200118,2020-01-18,2020,1,1,January,3,6,Saturday,True,False
20200119,2020-01-19,2020,1,1,January,3,7,Sunday,True,False
20200120,2020-01-20,2020,1,1,January,4,1,Monday,False,True
20200121,2020-01-21,2020,1,1,January,4,2,Tuesday,False,True
20200122,2020-01-22,2020,1,1,January,4,3,Wednesday,False,True
20200123,2020-01-23,2020,1,1,January,4,4,Thursday,False,True
20200124,2020-01-24,2020,1,1,January,4,5,Friday,False,True
20200125,2020-01-25,2020,1,1,January,4,6,Saturday,True,False
20200126,2020-01-26,2020,1,1,January,4,7,Sunday,True,False
20200127,2020-01-27,2020,1,1,January,5,1,Monday,False,True
20200128,2020-01-28,2020,1,1,January,5,2,Tuesday,False,True
20200129,2020-01-29,2020,1,1,January,5,3,Wednesday,False,True
20200130,2020-01-30,2020,1,1,January,5,4,Thursday,False,True
20200131,2020-01-31,2020,1,1,January,5,5,Friday,False,True
20200201,2020-02-01,2020,1,2,February,5,6,Saturday,True,False
20200202,2020-02-02,2020,1,2,February,5,7,Sunday,True,False
20200203,2020-02-03,2020,1,2,February,6,1,Monday,False,True
20200204,2020-02-04,2020,1,2,February,6,2,Tuesday,False,True
20200205,2020-02-05,2020,1,2,February,6,3,Wednesday,False,True
20200206,2020-02-06,2020,1,2,February,6,4,Thursday,False,True
20200207,2020-02-07,2020,1,2,February,6,5,Friday,False,True
20200208,2020-02-08,2020,1,2,February,6,6,Saturday,True,False
20200209,2020-02-09,2020,1,2,February,6,7,Sunday,True,False
20200210,2020-02-10,2020,1,2,February,7,1,Monday,False,True
20200211,2020-02-11,2020,1,2,February,7,2,Tuesday,False,True
20200212,2020-02-12,2020,1,2,February,7,3,Wednesday,False,True
20200213,2020-02-13,2020,1,2,February,7,4,Thursday,False,True
20200214,2020-02-14,2020,1,2,February,7,5,Friday,False,True
20200215,2020-02-15,2020,1,2,February,7,6,Saturday,True,False
20200216,2020-02-16,2020,1,2,February,7,7,Sunday,True,False
20200217,2020-02-17,2020,1,2,February,8,1,Monday,False,True
20200218,2020-02-18,2020,1,2,February,8,2,Tuesday,False,True
20200219,2020-02-19,2020,1,2,February,8,3,Wednesday,False,True
20200220,2020-02-20,2020,1,2,February,8,4,Thursday,False,True
20200221,2020-02-21,2020,1,2,February,8,5,Friday,False,True
20200222,2020-02-22,2020,1,2,February,8,6,Saturday,True,False
20200223,2020-02-23,2020,1,2,February,8,7,Sunday,True,False
20200224,2020-02-24,2020,1,2,February,9,1,Monday,False,False
20200225,2020-02-25,2020,1,2,February,9,2,Tuesday,False,False
20200226,2020-02-26,2020,1,2,February,9,3,Wednesday,False,True
20200227,2020-02-27,2020,1,2,February,9,4,Thursday,False,True
20200228,2020-02-28,2020,1,2,February,9,5,Friday,False,True
20200229,2020-02-29,2020,1,2,February,9,6,Saturday,True,False
20200301,2020-03-01,2020,1,3,March,9,7,Sunday,True,False
20200302,2020-03-02,2020,1,3,March,10,1,Monday,False,True
20200303,2020-03-03,2020,1,3,March,10,2,Tuesday,False,True
20200304,2020-03-04,2020,1,3,March,10,3,Wednesday,False,True
20200305,2020-03-05,2020,1,3,March,10,4,Thursday,False,True
20200306,2020-03-06,2020,1,3,March,10,5,Friday,False,True
20200307,2020-03-07,2020,1,3,March,10,6,Saturday,True,False
20200308,2020-03-08,2020,1,3,March,10,7,Sunday,True,False
20200309,2020-03-09,2020,1,3,March,11,1,Monday,False,True
20200310,2020-03-10,2020,1,3,March,11,2,Tuesday,False,True
20200311,2020-03-11,2020,1,3,March,11,3,Wednesday,False,True
20200312,2020-03-12,2020,1,3,March,11,4,Thursday,False,True
20200313,2020-03-13,2020,1,3,March,11,5,Friday,False,True
20200314,2020-03-14,2020,1,3,March,11,6,Saturday,True,False
20200315,2020-03-15,2020,1,3,March,11,7,Sunday,True,False
20200316,2020-03-16,2020,1,3,March,12,1,Monday,False,True
20200317,2020-03-17,2020,1,3,March,12,2,Tuesday,False,True
20200318,2020-03-18,2020,1,3,March,12,3,Wednesday,False,True
20200319,2020-03-19,2020,1,3,March,12,4,Thursday,False,True
20200320,2020-03-20,2020,1,3,March,12,5,Friday,False,True
20200321,2020-03-21,2020,1,3,March,12,6,Saturday,True,False
20200322,2020-03-22,2020,1,3,March,12,7,Sunday,True,False
20200323,2020-03-23,2020,1,3,March,13,1,Monday,False,True
20200324,2020-03-24,2020,1,3,March,13,2,Tuesday,False,True
20200325,2020-03-25,2020,1,3,March,13,3,Wednesday,False,True
20200326,2020-03-26,2020,1,3,March,13,4,Thursday,False,True
20200327,2020-03-27,2020,1,3,March,13,5,Friday,False,True
20200328,2020-03-28,2020,1,3,March,13,6,Saturday,True,False
20200329,2020-03-29,2020,1,3,March,13,7,Sunday,True,False
20200330,2020-03-30,2020,1,3,March,14,1,Monday,False,True
20200331,2020-03-31,2020,1,3,March,14,2,Tuesday,False,True
20200401,2020-04-01,2020,2,4,April,14,3,Wednesday,False,True
20200402,2020-04-02,2020,2,4,April,14,4,Thursday,False,True
20200403,2020-04-03,2020,2,4,April,14,5,Friday,False,True
20200404,2020-04-04,2020,2,4,April,14,6,Saturday,True,False
20200405,2020-04-05,2020,2,4,April,14,7,Sunday,True,False
20200406,2020-04-06,2020,2,4,April,15,1,Monday,False,True
20200407,2020-04-07,2020,2,4,April,15,2,Tuesday,False,True
20200408,2020-04-08,2020,2,4,April,15,3,Wednesday,False,True
20200409,2020-04-09,2020,2,4,April,15,4,Thursday,False,True
20200410,2020-04-10,2020,2,4,April,15,5,Friday,False,False
20200411,2020-04-11,2020,2,4,April,15,6,Saturday,True,False
20200412,2020-04-12,2020,2,4,April,15,7,Sunday,True,False
20200413,2020-04-13,2020,2,4,April,16,1,Monday,False,True
20200414,2020-04-14,2020,2,4,April,16,2,Tuesday,False,True
20200415,2020-04-15,2020,2,4,April,16,3,Wednesday,False,True
20200416,2020-04-16,2020,2,4,April,16,4,Thursday,False,True
20200417,2020-04-17,2020,2,4,April,16,5,Friday,False,True
20200418,2020-04-18,2020,2,4,April,16,6,Saturday,True,False
20200419,2020-04-19,2020,2,4,April,16,7,Sunday,True,False
20200420,2020-04-20,2020,2,4,April,17,1,Monday,False,True
20200421,2020-04-21,2020,2,4,April,17,2,Tuesday,False,False
20200422,2020-04-22,2020,2,4,April,17,3,Wednesday,False,True
20200423,2020-04-23,2020,2,4,April,17,4,Thursday,False,True
20200424,2020-04-24,2020,2,4,April,17,5,Friday,False,True
20200425,2020-04-25,2020,2,4,April,17,6,Saturday,True,False
20200426,2020-04-26,2020,2,4,April,17,7,Sunday,True,False
20200427,2020-04-27,2020,2,4,April,18,1,Monday,False,True
20200428,2020-04-28,2020,2,4,April,18,2,Tuesday,False,True
20200429,2020-04-29,2020,2,4,April,18,3,Wednesday,False,True
20200430,2020-04-30,2020,2,4,April,18,4,Thursday,False,True
20200501,2020-05-01,2020,2,5,May,18,5,Friday,False,False
20200502,2020-05-02,2020,2,5,May,18,6,Saturday,True,False
20200503,2020-05-03,2020,2,5,May,18,7,Sunday,True,False
20200504,2020-05-04,2020,2,5,May,19,1,Monday,False,True
20200505,2020-05-05,2020,2,5,May,19,2,Tuesday,False,True
20200506,2020-05-06,2020,2,5,May,19,3,Wednesday,False,True
20200507,2020-05-07,2020,2,5,May,19,4,Thursday,False,True
20200508,2020-05-08,2020,2,5,May,19,5,Friday,False,True
20200509,2020-05-09,2020,2,5,May,19,6,Saturday,True,False
20200510,2020-05-10,2020,2,5,May,19,7,Sunday,True,False
20200511,2020-05-11,2020,2,5,May,20,1,Monday,False,True
20200512,2020-05-12,2020,2,5,May,20,2,Tuesday,False,True
20200513,2020-05-13,2020,2,5,May,20,3,Wednesday,False,True
20200514,2020-05-14,2020,2,5,May,20,4,Thursday,False,True
20200515,2020-05-15,2020,2,5,May,20,5,Friday,False,True
20200516,2020-05-16,2020,2,5,May,20,6,Saturday,True,False
20200517,2020-05-17,2020,2,5,May,20,7,Sunday,True,False
20200518,2020-05-18,2020,2,5,May,21,1,Monday,False,True
20200519,2020-05-19,2020,2,5,May,21,2,Tuesday,False,True
20200520,2020-05-20,2020,2,5,May,21,3,Wednesday,False,True
20200521,2020-05-21,2020,2,5,May,21,4,Thursday,False,True
20200522,2020-05-22,2020,2,5,May,21,5,Friday,False,True
20200523,2020-05-23,2020,2,5,May,21,6,Saturday,True,False
20200524,2020-05-24,2020,2,5,May,21,7,Sunday,True,False
20200525,2020-05-25,2020,2,5,May,22,1,Monday,False,True
20200526,2020-05-26,2020,2,5,May,22,2,Tuesday,False,True
20200527,2020-05-27,2020,2,5,May,22,3,Wednesday,False,True
20200528,2020-05-28,2020,2,5,May,22,4,Thursday,False,True
20200529,2020-05-29,2020,2,5,May,22,5,Friday,False,True
20200530,2020-05-30,2020,2,5,May,22,6,Saturday,True,False
20200531,2020-05-31,2020,2,5,May,22,7,Sunday,True,False
20200601,2020-06-01,2020,2,6,June,23,1,Monday,False,True
20200602,2020-06-02,2020,2,6,June,23,2,Tuesday,False,True
20200603,2020-06-03,2020,2,6,June,23,3,Wednesday,False,True
20200604,2020-06-04,2020,2,6,June,23,4,Thursday,False,True
20200605,2020-06-05,2020,2,6,June,23,5,Friday,False,True
20200606,2020-06-06,2020,2,6,June,23,6,Saturday,True,False
20200607,2020-06-07,2020,2,6,June,23,7,Sunday,True,False
20200608,2020-06-08,2020,2,6,June,24,1,Monday,False,True
20200609,2020-06-09,2020,2,6,June,24,2,Tuesday,False,True
20200610,2020-06-10,2020,2,6,June,24,3,Wednesday,False,True
20200611,2020-06-11,2020,2,6,June,24,4,Thursday,False,False
20200612,2020-06-12,2020,2,6,June,24,5,Friday,False,True
20200613,2020-06-13,2020,2,6,June,24,6,Saturday,True,False
20200614,2020-06-14,2020,2,6,June,24,7,Sunday,True,False
20200615,2020-06-15,2020,2,6,June,25,1,Monday,False,True
20200616,2020-06-16,2020,2,6,June,25,2,Tuesday,False,True
20200617,2020-06-17,2020,2,6,June,25,3,Wednesday,False,True
20200618,2020-06-18,2020,2,6,June,25,4,Thursday,False,True
20200619,2020-06-19,2020,2,6,June,25,5,Friday,False,True
20200620,2020-06-20,2020,2,6,June,25,6,Saturday,True,False
20200621,2020-06-21,2020,2,6,June,25,7,Sunday,True,False
20200622,2020-06-22,2020,2,6,June,26,1,Monday,False,True
20200623,2020-06-23,2020,2,6,June,26,2,Tuesday,False,True
20200624,2020-06-24,2020,2,6,June,26,3,Wednesday,False,True
20200625,2020-06-25,2020,2,6,June,26,4,Thursday,False,True
20200626,2020-06-26,2020,2,6,June,26,5,Friday,False,True
20200627,2020-06-27,2020,2,6,June,26,6,Saturday,True,False
20200628,2020-06-28,2020,2,6,June,26,7,Sunday,True,False
20200629,2020-06-29,2020,2,6,June,27,1,Monday,False,True
20200630,2020-06-30,2020,2,6,June,27,2,Tuesday,False,True
20200701,2020-07-01,2020,3,7,July,27,3,Wednesday,False,True
20200702,2020-07-02,2020,3,7,July,27,4,Thursday,False,True
20200703,2020-07-03,2020,3,7,July,27,5,Friday,False,True
20200704,2020-07-04,2020,3,7,July,27,6,Saturday,True,False
20200705,2020-07-05,2020,3,7,July,27,7,Sunday,True,False
20200706,2020-07-06,2020,3,7,July,28,1,Monday,False,True
20200707,2020-07-07,2020,3,7,July,28,2,Tuesday,False,True
20200708,2020-07-08,2020,3,7,July,28,3,Wednesday,False,True
20200709,2020-07-09,2020,3,7,July,28,4,Thursday,False,True
20200710,2020-07-10,2020,3,7,July,28,5,Friday,False,True
20200711,2020-07-11,2020,3,7,July,28,6,Saturday,True,False
20200712,2020-07-12,2020,3,7,July,28,7,Sunday,True,False
20200713,2020-07-13,2020,3,7,July,29,1,Monday,False,True
20200714,2020-07-14,2020,3,7,July,29,2,Tuesday,False,True
20200715,2020-07-15,2020,3,7,July,29,3,Wednesday,False,True
20200716,2020-07-16,2020,3,7,July,29,4,Thursday,False,True
20200717,2020-07-17,2020,3,7,July,29,5,Friday,False,True
20200718,2020-07-18,2020,3,7,July,29,6,Saturday,True,False
20200719,2020-07-19,2020,3,7,July,29,7,Sunday,True,False
20200720,2020-07-20,2020,3,7,July,30,1,Monday,False,True
20200721,2020-07-21,2020,3,7,July,30,2,Tuesday,False,True
20200722,2020-07-22,2020,3,7,July,30,3,Wednesday,False,True
20200723,2020-07-23,2020,3,7,July,30,4,Thursday,False,True
20200724,2020-07-24,2020,3,7,July,30,5,Friday,False,True
20200725,2020-07-25,2020,3,7,July,30,6,Saturday,True,False
20200726,2020-07-26,2020,3,7,July,30,7,Sunday,True,False
20200727,2020-07-27,2020,3,7,July,31,1,Monday,False,True
20200728,2020-07-28,2020,3,7,July,31,2,Tuesday,False,True
20200729,2020-07-29,2020,3,7,July,31,3,Wednesday,False,True
20200730,2020-07-30,2020,3,7,July,31,4,Thursday,False,True
20200731,2020-07-31,2020,3,7,July,31,5,Friday,False,True
20200801,2020-08-01,2020,3,8,August,31,6,Saturday,True,False
20200802,2020-08-02,2020,3,8,August,31,7,Sunday,True,False
20200803,2020-08-03,2020,3,8,August,32,1,Monday,False,True
20200804,2020-08-04,2020,3,8,August,32,2,Tuesday,False,True
20200805,2020-08-05,2020,3,8,August,32,3,Wednesday,False,True
20200806,2020-08-06,2020,3,8,August,32,4,Thursday,False,True
20200807,2020-08-07,2020,3,8,August,32,5,Friday,False,True
20200808,2020-08-08,2020,3,8,August,32,6,Saturday,True,False
20200809,2020-08-09,2020,3,8,August,32,7,Sunday,True,False
20200810,2020-08-10,2020,3,8,August,33,1,Monday,False,True
20200811,2020-08-11,2020,3,8,August,33,2,Tuesday,False,True
20200812,2020-08-12,2020,3,8,August,33,3,Wednesday,False,True
20200813,2020-08-13,2020,3,8,August,33,4,Thursday,False,True
20200814,2020-08-14,2020,3,8,August,33,5,Friday,False,True
20200815,2020-08-15,2020,3,8,August,33,6,Saturday,True,False
20200816,2020-08-16,2020,3,8,August,33,7,Sunday,True,False
20200817,2020-08-17,2020,3,8,August,34,1,Monday,False,True
20200818,2020-08-18,2020,3,8,August,34,2,Tuesday,False,True
20200819,2020-08-19,2020,3,8,August,34,3,Wednesday,False,True
20200820,2020-08-20,2020,3,8,August,34,4,Thursday,False,True
20200821,2020-08-21,2020,3,8,August,34,5,Friday,False,True
20200822,2020-08-22,2020,3,8,August,34,6,Saturday,True,False
20200823,2020-08-23,2020,3,8,August,34,7,Sunday,True,False
20200824,2020-08-24,2020,3,8,August,35,1,Monday,False,True
20200825,2020-08-25,2020,3,8,August,35,2,Tuesday,False,True
20200826,2020-08-26,2020,3,8,August,35,3,Wednesday,False,True
20200827,2020-08-27,2020,3,8,August,35,4,Thursday,False,True
20200828,2020-08-28,2020,3,8,August,35,5,Friday,False,True
20200829,2020-08-29,2020,3,8,August,35,6,Saturday,True,False
20200830,2020-08-30,2020,3,8,August,35,7,Sunday,True,False
20200831,2020-08-31,2020,3,8,August,36,1,Monday,False,True
20200901,2020-09-01,2020,3,9,September,36,2,Tuesday,False,True
20200902,2020-09-02,2020,3,9,September,36,3,Wednesday,False,True
20200903,2020-09-03,2020,3,9,September,36,4,Thursday,False,True
20200904,2020-09-04,2020,3,9,September,36,5,Friday,False,True
20200905,2020-09-05,2020,3,9,September,36,6,Saturday,True,False
20200906,2020-09-06,2020,3,9,September,36,7,Sunday,True,False
20200907,2020-09-07,2020,3,9,September,37,1,Monday,False,False
20200908,2020-09-08,2020,3,9,September,37,2,Tuesday,False,True
20200909,2020-09-09,2020,3,9,September,37,3,Wednesday,False,True
20200910,2020-09-10,2020,3,9,September,37,4,Thursday,False,True
20200911,2020-09-11,2020,3,9,September,37,5,Friday,False,True
20200912,2020-09-12,2020,3,9,September,37,6,Saturday,True,False
20200913,2020-09-13,2020,3,9,September,37,7,Sunday,True,False
20200914,2020-09-14,2020,3,9,September,38,1,Monday,False,True
20200915,2020-09-15,2020,3,9,September,38,2,Tuesday,False,True
20200916,2020-09-16,2020,3,9,September,38,3,Wednesday,False,True
20200917,2020-09-17,2020,3,9,September,38,4,Thursday,False,True
20200918,2020-09-18,2020,3,9,September,38,5,Friday,False,True
20200919,2020-09-19,2020,3,9,September,38,6,Saturday,True,False
20200920,2020-09-20,2020,3,9,September,38,7,Sunday,True,False
20200921,2020-09-21,2020,3,9,September,39,1,Monday,False,True
20200922,2020-09-22,2020,3,9,September,39,2,Tuesday,False,True
20200923,2020-09-23,2020,3,9,September,39,3,Wednesday,False,True
20200924,2020-09-24,2020,3,9,September,39,4,Thursday,False,True
20200925,2020-09-25,2020,3,9,September,39,5,Friday,False,True
20200926,2020-09-26,2020,3,9,September,39,6,Saturday,True,False
20200927,2020-09-27,2020,3,9,September,39,7,Sunday,True,False
20200928,2020-09-28,2020,3,9,September,40,1,Monday,False,True
20200929,2020-09-29,2020,3,9,September,40,2,Tuesday,False,True
20200930,2020-09-30,2020,3,9,September,40,3,Wednesday,False,True
20201001,2020-10-01,2020,4,10,October,40,4,Thursday,False,True
20201002,2020-10-02,2020,4,10,October,40,5,Friday,False,True
20201003,2020-10-03,2020,4,10,October,40,6,Saturday,True,False
20201004,2020-10-04,2020,4,10,October,40,7,Sunday,True,False
20201005,2020-10-05,2020,4,10,October,41,1,Monday,False,True
20201006,2020-10-06,2020,4,10,October,41,2,Tuesday,False,True
20201007,2020-10-07,2020,4,10,October,41,3,Wednesday,False,True
20201008,2020-10-08,2020,4,10,October,41,4,Thursday,False,True
20201009,2020-10-09,2020,4,10,October,41,5,Friday,False,True
20201010,2020-10-10,2020,4,10,October,41,6,Saturday,True,False
20201011,2020-10-11,2020,4,10,October,41,7,Sunday,True,False
20201012,2020-10-12,2020,4,10,October,42,1,Monday,False,False
20201013,2020-10-13,2020,4,10,October,42,2,Tuesday,False,True
20201014,2020-10-14,2020,4,10,October,42,3,Wednesday,False,True
20201015,2020-10-15,2020,4,10,October,42,4,Thursday,False,True
20201016,2020-10-16,2020,4,10,October,42,5,Friday,False,True
20201017,2020-10-17,2020,4,10,October,42,6,Saturday,True,False
20201018,2020-10-18,2020,4,10,October,42,7,Sunday,True,False
20201019,2020-10-19,2020,4,10,October,43,1,Monday,False,True
20201020,2020-10-20,2020,4,10,October,43,2,Tuesday,False,True
20201021,2020-10-21,2020,4,10,October,43,3,Wednesday,False,True
20201022,2020-10-22,2020,4,10,October,43,4,Thursday,False,True
20201023,2020-10-23,2020,4,10,October,43,5,Friday,False,True
20201024,2020-10-24,2020,4,10,October,43,6,Saturday,True,False
20201025,2020-10-25,2020,4,10,October,43,7,Sunday,True,False
20201026,2020-10-26,2020,4,10,October,44,1,Monday,False,True
20201027,2020-10-27,2020,4,10,October,44,2,Tuesday,False,True
20201028,2020-10-28,2020,4,10,October,44,3,Wednesday,False,True
20201029,2020-10-29,2020,4,10,October,44,4,Thursday,False,True
20201030,2020-10-30,2020,4,10,October,44,5,Friday,False,True
20201031,2020-10-31,2020,4,10,October,44,6,Saturday,True,False
20201101,2020-11-01,2020,4,11,November,44,7,Sunday,True,False
20201102,2020-11-02,2020,4,11,November,45,1,Monday,False,False
20201103,2020-11-03,2020,4,11,November,45,2,Tuesday,False,True
20201104,2020-11-04,2020,4,11,November,45,3,Wednesday,False,True
20201105,2020-11-05,2020,4,11,November,45,4,Thursday,False,True
20201106,2020-11-06,2020,4,11,November,45,5,Friday,False,True
20201107,2020-11-07,2020,4,11,November,45,6,Saturday,True,False
20201108,2020-11-08,2020,4,11,November,45,7,Sunday,True,False
20201109,2020-11-09,2020,4,11,November,46,1,Monday,False,True
20201110,2020-11-10,2020,4,11,November,46,2,Tuesday,False,True
20201111,2020-11-11,2020,4,11,November,46,3,Wednesday,False,True
20201112,2020-11-12,2020,4,11,November,46,4,Thursday,False,True
20201113,2020-11-13,2020,4,11,November,46,5,Friday,False,True
20201114,2020-11-14,2020,4,11,November,46,6,Saturday,True,False
20201115,2020-11-15,2020,4,11,November,46,7,Sunday,True,False
20201116,2020-11-16,2020,4,11,November,47,1,Monday,False,True
20201117,2020-11-17,2020,4,11,November,47,2,Tuesday,False,True
20201118,2020-11-18,2020,4,11,November,47,3,Wednesday,False,True
20201119,2020-11-19,2020,4,11,November,47,4,Thursday,False,True
20201120,2020-11-20,2020,4,11,November,47,5,Friday,False,True
20201121,2020-11-21,2020,4,11,November,47,6,Saturday,True,False
20201122,2020-11-22,2020,4,11,November,47,7,Sunday,True,False
20201123,2020-11-23,2020,4,11,November,48,1,Monday,False,True
20201124,2020-11-24,2020,4,11,November,48,2,Tuesday,False,True
20201125,2020-11-25,2020,4,11,November,48,3,Wednesday,False,True
20201126,2020-11-26,2020,4,11,November,48,4,Thursday,False,True
20201127,2020-11-27,2020,4,11,November,48,5,Friday,False,True
20201128,2020-11-28,2020,4,11,November,48,6,Saturday,True,False
20201129,2020-11-29,2020,4,11,November,48,7,Sunday,True,False
20201130,2020-11-30,2020,4,11,November,49,1,Monday,False,True
20201201,2020-12-01,2020,4,12,December,49,2,Tuesday,False,True
20201202,2020-12-02,2020,4,12,December,49,3,Wednesday,False,True
20201203,2020-12-03,2020,4,12,December,49,4,Thursday,False,True
20201204,2020-12-04,2020,4,12,December,49,5,Friday,False,True
20201205,2020-12-05,2020,4,12,December,49,6,Saturday,True,False
20201206,2020-12-06,2020,4,12,December,49,7,Sunday,True,False
20201207,2020-12-07,2020,4,12,December,50,1,Monday,False,True
20201208,2020-12-08,2020,4,12,December,50,2,Tuesday,False,True
20201209,2020-12-09,2020,4,12,December,50,3,Wednesday,False,True
20201210,2020-12-10,2020,4,12,December,50,4,Thursday,False,True
20201211,2020-12-11,2020,4,12,December,50,5,Friday,False,True
20201212,2020-12-12,2020,4,12,December,50,6,Saturday,True,False
20201213,2020-12-13,2020,4,12,December,50,7,Sunday,True,False
20201214,2020-12-14,2020,4,12,December,51,1,Monday,False,True
20201215,2020-12-15,2020,4,12,December,51,2,Tuesday,False,True
20201216,2020-12-16,2020,4,12,December,51,3,Wednesday,False,True
20201217,2020-12-17,2020,4,12,December,51,4,Thursday,False,True
20201218,2020-12-18,2020,4,12,December,51,5,Friday,False,True
20201219,2020-12-19,2020,4,12,December,51,6,Saturday,True,False
20201220,2020-12-20,2020,4,12,December,51,7,Sunday,True,False
20201221,2020-12-21,2020,4,12,December,52,1,Monday,False,True
20201222,2020-12-22,2020,4,12,December,52,2,Tuesday,False,True
20201223,2020-12-23,2020,4,12,December,52,3,Wednesday,False,True
20201224,2020-12-24,2020,4,12,December,52,4,Thursday,False,True
20201225,2020-12-25,2020,4,12,December,52,5,Friday,False,False
20201226,2020-12-26,2020,4,12,December,52,6,Saturday,True,False
20201227,2020-12-27,2020,4,12,December,52,7,Sunday,True,False
20201228,2020-12-28,2020,4,12,December,53,1,Monday,False,True
20201229,2020-12-29,2020,4,12,December,53,2,Tuesday,False,True
20201230,2020-12-30,2020,4,12,December,53,3,Wednesday,False,True
20201231,2020-12-31,2020,4,12,December,53,4,Thursday,False,True
20210101,2021-01-01,2021,1,1,January,53,5,Friday,False,False
20210102,2021-01-02,2021,1,1,January,53,6,Saturday,True,False
20210103,2021-01-03,2021,1,1,January,53,7,Sunday,True,False
20210104,2021-01-04,2021,1,1,January,1,1,Monday,False,True
20210105,2021-01-05,2021,1,1,January,1,2,Tuesday,False,True
20210106,2021-01-06,2021,1,1,January,1,3,Wednesday,False,True
20210107,2021-01-07,2021,1,1,January,1,4,Thursday,False,True
20210108,2021-01-08,2021,1,1,January,1,5,Friday,False,True
20210109,2021-01-09,2021,1,1,January,1,6,Saturday,True,False
20210110,2021-01-10,2021,1,1,January,1,7,Sunday,True,False
20210111,2021-01-11,2021,1,1,January,2,1,Monday,False,True
20210112,2021-01-12,2021,1,1,January,2,2,Tuesday,False,True
20210113,2021-01-13,2021,1,1,January,2,3,Wednesday,False,True
20210114,2021-01-14,2021,1,1,January,2,4,Thursday,False,True
20210115,2021-01-15,2021,1,1,January,2,5,Friday,False,True
20210116,2021-01-16,2021,1,1,January,2,6,Saturday,True,False
20210117,2021-01-17,2021,1,1,January,2,7,Sunday,True,False
20210118,2021-01-18,2021,1,1,January,3,1,Monday,False,True
20210119,2021-01-19,2021,1,1,January,3,2,Tuesday,False,True
20210120,2021-01-20,2021,1,1,January,3,3,Wednesday,False,True
20210121,2021-01-21,2021,1,1,January,3,4,Thursday,False,True
20210122,2021-01-22,2021,1,1,January,3,5,Friday,False,True
20210123,2021-01-23,2021,1,1,January,3,6,Saturday,True,False
20210124,2021-01-24,2021,1,1,January,3,7,Sunday,True,False
20210125,2021-01-25,2021,1,1,January,4,1,Monday,False,True
20210126,2021-01-26,2021,1,1,January,4,2,Tuesday,False,True
20210127,2021-01-27,2021,1,1,January,4,3,Wednesday,False,True
20210128,2021-01-28,2021,1,1,January,4,4,Thursday,False,True
20210129,2021-01-29,2021,1,1,January,4,5,Friday,False,True
20210130,2021-01-30,2021,1,1,January,4,6,Saturday,True,False
20210131,2021-01-31,2021,1,1,January,4,7,Sunday,True,False
20210201,2021-02-01,2021,1,2,February,5,1,Monday,False,True
20210202,2021-02-02,2021,1,2,February,5,2,Tuesday,False,True
20210203,2021-02-03,2021,1,2,February,5,3,Wednesday,False,True
20210204,2021-02-04,2021,1,2,February,5,4,Thursday,False,True
20210205,2021-02-05,2021,1,2,February,5,5,Friday,False,True
20210206,2021-02-06,2021,1,2,February,5,6,Saturday,True,False
20210207,2021-02-07,2021,1,2,February,5,7,Sunday,True,False
20210208,2021-02-08,2021,1,2,February,6,1,Monday,False,True
20210209,2021-02-09,2021,1,2,February,6,2,Tuesday,False,True
20210210,2021-02-10,2021,1,2,February,6,3,Wednesday,False,True
20210211,2021-02-11,2021,1,2,February,6,4,Thursday,False,True
20210212,2021-02-12,2021,1,2,February,6,5,Friday,False,True
20210213,2021-02-13,2021,1,2,February,6,6,Saturday,True,False
20210214,2021-02-14,2021,1,2,February,6,7,Sunday,True,False
20210215,2021-02-15,2021,1,2,February,7,1,Monday,False,False
20210216,2021-02-16,2021,1,2,February,7,2,Tuesday,False,False
20210217,2021-02-17,2021,1,2,February,7,3,Wednesday,False,True
20210218,2021-02-18,2021,1,2,February,7,4,Thursday,False,True
20210219,2021-02-19,2021,1,2,February,7,5,Friday,False,True
20210220,2021-02-20,2021,1,2,February,7,6,Saturday,True,False
20210221,2021-02-21,2021,1,2,February,7,7,Sunday,True,False
20210222,2021-02-22,2021,1,2,February,8,1,Monday,False,True
20210223,2021-02-23,2021,1,2,February,8,2,Tuesday,False,True
20210224,2021-02-24,2021,1,2,February,8,3,Wednesday,False,True
20210225,2021-02-25,2021,1,2,February,8,4,Thursday,False,True
20210226,2021-02-26,2021,1,2,February,8,5,Friday,False,True
20210227,2021-02-27,2021,1,2,February,8,6,Saturday,True,False
20210228,2021-02-28,2021,1,2,February,8,7,Sunday,True,False
20210301,2021-03-01,2021,1,3,March,9,1,Monday,False,True
20210302,2021-03-02,2021,1,3,March,9,2,Tuesday,False,True
20210303,2021-03-03,2021,1,3,March,9,3,Wednesday,False,True
20210304,2021-03-04,2021,1,3,March,9,4,Thursday,False,True
20210305,2021-03-05,2021,1,3,March,9,5,Friday,False,True
20210306,2021-03-06,2021,1,3,March,9,6,Saturday,True,False
20210307,2021-03-07,2021,1,3,March,9,7,Sunday,True,False
20210308,2021-03-08,2021,1,3,March,10,1,Monday,False,True
20210309,2021-03-09,2021,1,3,March,10,2,Tuesday,False,True
20210310,2021-03-10,2021,1,3,March,10,3,Wednesday,False,True
20210311,2021-03-11,2021,1,3,March,10,4,Thursday,False,True
20210312,2021-03-12,2021,1,3,March,10,5,Friday,False,True
20210313,2021-03-13,2021,1,3,March,10,6,Saturday,True,False
20210314,2021-03-14,2021,1,3,March,10,7,Sunday,True,False
20210315,2021-03-15,2021,1,3,March,11,1,Monday,False,True
20210316,2021-03-16,2021,1,3,March,11,2,Tuesday,False,True
20210317,2021-03-17,2021,1,3,March,11,3,Wednesday,False,True
20210318,2021-03-18,2021,1,3,March,11,4,Thursday,False,True
20210319,2021-03-19,2021,1,3,March,11,5,Friday,False,True
20210320,2021-03-20,2021,1,3,March,11,6,Saturday,True,False
20210321,2021-03-21,2021,1,3,March,11,7,Sunday,True,False
20210322,2021-03-22,2021,1,3,March,12,1,Monday,False,True
20210323,2021-03-23,2021,1,3,March,12,2,Tuesday,False,True
20210324,2021-03-24,2021,1,3,March,12,3,Wednesday,False,True
20210325,2021-03-25,2021,1,3,March,12,4,Thursday,False,True
20210326,2021-03-26,2021,1,3,March,12,5,Friday,False,True
20210327,2021-03-27,2021,1,3,March,12,6,Saturday,True,False
20210328,2021-03-28,2021,1,3,March,12,7,Sunday,True,False
20210329,2021-03-29,2021,1,3,March,13,1,Monday,False,True
20210330,2021-03-30,2021,1,3,March,13,2,Tuesday,False,True
20210331,2021-03-31,2021,1,3,March,13,3,Wednesday,False,True
20210401,2021-04-01,2021,2,4,April,13,4,Thursday,False,True
20210402,2021-04-02,2021,2,4,April,13,5,Friday,False,False
20210403,2021-04-03,2021,2,4,April,13,6,Saturday,True,False
20210404,2021-04-04,2021,2,4,April,13,7,Sunday,True,False
20210405,2021-04-05,2021,2,4,April,14,1,Monday,False,True
20210406,2021-04-06,2021,2,4,April,14,2,Tuesday,False,True
20210407,2021-04-07,2021,2,4,April,14,3,Wednesday,False,True
20210408,2021-04-08,2021,2,4,April,14,4,Thursday,False,True
20210409,2021-04-09,2021,2,4,April,14,5,Friday,False,True
20210410,2021-04-10,2021,2,4,April,14,6,Saturday,True,False
20210411,2021-04-11,2021,2,4,April,14,7,Sunday,True,False
20210412,2021-04-12,2021,2,4,April,15,1,Monday,False,True
20210413,2021-04-13,2021,2,4,April,15,2,Tuesday,False,True
20210414,2021-04-14,2021,2,4,April,15,3,Wednesday,False,True
20210415,2021-04-15,2021,2,4,April,15,4,Thursday,False,True
20210416,2021-04-16,2021,2,4,April,15,5,Friday,False,True
20210417,2021-04-17,2021,2,4,April,15,6,Saturday,True,False
20210418,2021-04-18,2021,2,4,April,15,7,Sunday,True,False
20210419,2021-04-19,2021,2,4,April,16,1,Monday,False,True
20210420,2021-04-20,2021,2,4,April,16,2,Tuesday,False,True
20210421,2021-04-21,2021,2,4,April,16,3,Wednesday,False,False
20210422,2021-04-22,2021,2,4,April,16,4,Thursday,False,True
20210423,2021-04-23,2021,2,4,April,16,5,Friday,False,True
20210424,2021-04-24,2021,2,4,April,16,6,Saturday,True,False
20210425,2021-04-25,2021,2,4,April,16,7,Sunday,True,False
20210426,2021-04-26,2021,2,4,April,17,1,Monday,False,True
20210427,2021-04-27,2021,2,4,April,17,2,Tuesday,False,True
20210428,2021-04-28,2021,2,4,April,17,3,Wednesday,False,True
20210429,2021-04-29,2021,2,4,April,17,4,Thursday,False,True
20210430,2021-04-30,2021,2,4,April,17,5,Friday,False,True
20210501,2021-05-01,2021,2,5,May,17,6,Saturday,True,False
20210502,2021-05-02,2021,2,5,May,17,7,Sunday,True,False
20210503,2021-05-03,2021,2,5,May,18,1,Monday,False,True
20210504,2021-05-04,2021,2,5,May,18,2,Tuesday,False,True
20210505,2021-05-05,2021,2,5,May,18,3,Wednesday,False,True
20210506,2021-05-06,2021,2,5,May,18,4,Thursday,False,True
20210507,2021-05-07,2021,2,5,May,18,5,Friday,False,True
20210508,2021-05-08,2021,2,5,May,18,6,Saturday,True,False
20210509,2021-05-09,2021,2,5,May,18,7,Sunday,True,False
20210510,2021-05-10,2021,2,5,May,19,1,Monday,False,True
20210511,2021-05-11,2021,2,5,May,19,2,Tuesday,False,True
20210512,2021-05-12,2021,2,5,May,19,3,Wednesday,False,True
20210513,2021-05-13,2021,2,5,May,19,4,Thursday,False,True
20210514,2021-05-14,2021,2,5,May,19,5,Friday,False,True
20210515,2021-05-15,2021,2,5,May,19,6,Saturday,True,False
20210516,2021-05-16,2021,2,5,May,19,7,Sunday,True,False
20210517,2021-05-17,2021,2,5,May,20,1,Monday,False,True
20210518,2021-05-18,2021,2,5,May,20,2,Tuesday,False,True
20210519,2021-05-19,2021,2,5,May,20,3,Wednesday,False,True
20210520,2021-05-20,2021,2,5,May,20,4,Thursday,False,True
20210521,2021-05-21,2021,2,5,May,20,5,Friday,False,True
20210522,2021-05-22,2021,2,5,May,20,6,Saturday,True,False
20210523,2021-05-23,2021,2,5,May,20,7,Sunday,True,False
20210524,2021-05-24,2021,2,5,May,21,1,Monday,False,True
20210525,2021-05-25,2021,2,5,May,21,2,Tuesday,False,True
20210526,2021-05-26,2021,2,5,May,21,3,Wednesday,False,True
20210527,2021-05-27,2021,2,5,May,21,4,Thursday,False,True
20210528,2021-05-28,2021,2,5,May,21,5,Friday,False,True
20210529,2021-05-29,2021,2,5,May,21,6,Saturday,True,False
20210530,2021-05-30,2021,2,5,May,21,7,Sunday,True,False
20210531,2021-05-31,2021,2,5,May,22,1,Monday,False,True
20210601,2021-06-01,2021,2,6,June,22,2,Tuesday,False,True
20210602,2021-06-02,2021,2,6,June,22,3,Wednesday,False,True
20210603,2021-06-03,2021,2,6,June,22,4,Thursday,False,False
20210604,2021-06-04,2021,2,6,June,22,5,Friday,False,True
20210605,2021-06-05,2021,2,6,June,22,6,Saturday,True,False
20210606,2021-06-06,2021,2,6,June,22,7,Sunday,True,False
20210607,2021-06-07,2021,2,6,June,23,1,Monday,False,True
20210608,2021-06-08,2021,2,6,June,23,2,Tuesday,False,True
20210609,2021-06-09,2021,2,6,June,23,3,Wednesday,False,True
20210610,2021-06-10,2021,2,6,June,23,4,Thursday,False,True
20210611,2021-06-11,2021,2,6,June,23,5,Friday,False,True
20210612,2021-06-12,2021,2,6,June,23,6,Saturday,True,False
20210613,2021-06-13,2021,2,6,June,23,7,Sunday,True,False
20210614,2021-06-14,2021,2,6,June,24,1,Monday,False,True
20210615,2021-06-15,2021,2,6,June,24,2,Tuesday,False,True
20210616,2021-06-16,2021,2,6,June,24,3,Wednesday,False,True
20210617,2021-06-17,2021,2,6,June,24,4,Thursday,False,True
20210618,2021-06-18,2021,2,6,June,24,5,Friday,False,True
20210619,2021-06-19,2021,2,6,June,24,6,Saturday,True,False
20210620,2021-06-20,2021,2,6,June,24,7,Sunday,True,False
20210621,2021-06-21,2021,2,6,June,25,1,Monday,False,True
20210622,2021-06-22,2021,2,6,June,25,2,Tuesday,False,True
20210623,2021-06-23,2021,2,6,June,25,3,Wednesday,False,True
20210624,2021-06-24,2021,2,6,June,25,4,Thursday,False,True
20210625,2021-06-25,2021,2,6,June,25,5,Friday,False,True
20210626,2021-06-26,2021,2,6,June,25,6,Saturday,True,False
20210627,2021-06-27,2021,2,6,June,25,7,Sunday,True,False
20210628,2021-06-28,2021,2,6,June,26,1,Monday,False,True
20210629,2021-06-29,2021,2,6,June,26,2,Tuesday,False,True
20210630,2021-06-30,2021,2,6,June,26,3,Wednesday,False,True
20210701,2021-07-01,2021,3,7,July,26,4,Thursday,False,True
20210702,2021-07-02,2021,3,7,July,26,5,Friday,False,True
20210703,2021-07-03,2021,3,7,July,26,6,Saturday,True,False
20210704,2021-07-04,2021,3,7,July,26,7,Sunday,True,False
20210705,2021-07-05,2021,3,7,July,27,1,Monday,False,True
20210706,2021-07-06,2021,3,7,July,27,2,Tuesday,False,True
20210707,2021-07-07,2021,3,7,July,27,3,Wednesday,False,True
20210708,2021-07-08,2021,3,7,July,27,4,Thursday,False,True
20210709,2021-07-09,2021,3,7,July,27,5,Friday,False,True
20210710,2021-07-10,2021,3,7,July,27,6,Saturday,True,False
20210711,2021-07-11,2021,3,7,July,27,7,Sunday,True,False
20210712,2021-07-12,2021,3,7,July,28,1,Monday,False,True
20210713,2021-07-13,2021,3,7,July,28,2,Tuesday,False,True
20210714,2021-07-14,2021,3,7,July,28,3,Wednesday,False,True
20210715,2021-07-15,2021,3,7,July,28,4,Thursday,False,True
20210716,2021-07-16,2021,3,7,July,28,5,Friday,False,True
20210717,2021-07-17,2021,3,7,July,28,6,Saturday,True,False
20210718,2021-07-18,2021,3,7,July,28,7,Sunday,True,False
20210719,2021-07-19,2021,3,7,July,29,1,Monday,False,True
20210720,2021-07-20,2021,3,7,July,29,2,Tuesday,False,True
20210721,2021-07-21,2021,3,7,July,29,3,Wednesday,False,True
20210722,2021-07-22,2021,3,7,July,29,4,Thursday,False,True
20210723,2021-07-23,2021,3,7,July,29,5,Friday,False,True
20210724,2021-07-24,2021,3,7,July,29,6,Saturday,True,False
20210725,2021-07-25,2021,3,7,July,29,7,Sunday,True,False
20210726,2021-07-26,2021,3,7,July,30,1,Monday,False,True
20210727,2021-07-27,2021,3,7,July,30,2,Tuesday,False,True
20210728,2021-07-28,2021,3,7,July,30,3,Wednesday,False,True
20210729,2021-07-29,2021,3,7,July,30,4,Thursday,False,True
20210730,2021-07-30,2021,3,7,July,30,5,Friday,False,True
20210731,2021-07-31,2021,3,7,July,30,6,Saturday,True,False
20210801,2021-08-01,2021,3,8,August,30,7,Sunday,True,False
20210802,2021-08-02,2021,3,8,August,31,1,Monday,False,True
20210803,2021-08-03,2021,3,8,August,31,2,Tuesday,False,True
20210804,2021-08-04,2021,3,8,August,31,3,Wednesday,False,True
20210805,2021-08-05,2021,3,8,August,31,4,Thursday,False,True
20210806,2021-08-06,2021,3,8,August,31,5,Friday,False,True
20210807,2021-08-07,2021,3,8,August,31,6,Saturday,True,False
20210808,2021-08-08,2021,3,8,August,31,7,Sunday,True,False
20210809,2021-08-09,2021,3,8,August,32,1,Monday,False,True
20210810,2021-08-10,2021,3,8,August,32,2,Tuesday,False,True
20210811,2021-08-11,2021,3,8,August,32,3,Wednesday,False,True
20210812,2021-08-12,2021,3,8,August,32,4,Thursday,False,True
20210813,2021-08-13,2021,3,8,August,32,5,Friday,False,True
20210814,2021-08-14,2021,3,8,August,32,6,Saturday,True,False
20210815,2021-08-15,2021,3,8,August,32,7,Sunday,True,False
20210816,2021-08-16,2021,3,8,August,33,1,Monday,False,True
20210817,2021-08-17,2021,3,8,August,33,2,Tuesday,False,True
20210818,2021-08-18,2021,3,8,August,33,3,Wednesday,False,True
20210819,2021-08-19,2021,3,8,August,33,4,Thursday,False,True
20210820,2021-08-20,2021,3,8,August,33,5,Friday,False,True
20210821,2021-08-21,2021,3,8,August,33,6,Saturday,True,False
20210822,2021-08-22,2021,3,8,August,33,7,Sunday,True,False
20210823,2021-08-23,2021,3,8,August,34,1,Monday,False,True
20210824,2021-08-24,2021,3,8,August,34,2,Tuesday,False,True
20210825,2021-08-25,2021,3,8,August,34,3,Wednesday,False,True
20210826,2021-08-26,2021,3,8,August,34,4,Thursday,False,True
20210827,2021-08-27,2021,3,8,August,34,5,Friday,False,True
20210828,2021-08-28,2021,3,8,August,34,6,Saturday,True,False
20210829,2021-08-29,2021,3,8,August,34,7,Sunday,True,False
20210830,2021-08-30,2021,3,8,August,35,1,Monday,False,True
20210831,2021-08-31,2021,3,8,August,35,2,Tuesday,False,True
20210901,2021-09-01,2021,3,9,September,35,3,Wednesday,False,True
20210902,2021-09-02,2021,3,9,September,35,4,Thursday,False,True
20210903,2021-09-03,2021,3,9,September,35,5,Friday,False,True
20210904,2021-09-04,2021,3,9,September,35,6,Saturday,True,False
20210905,2021-09-05,2021,3,9,September,35,7,Sunday,True,False
20210906,2021-09-06,2021,3,9,September,36,1,Monday,False,True
20210907,2021-09-07,2021,3,9,September,36,2,Tuesday,False,False
20210908,2021-09-08,2021,3,9,September,36,3,Wednesday,False,True
20210909,2021-09-09,2021,3,9,September,36,4,Thursday,False,True
20210910,2021-09-10,2021,3,9,September,36,5,Friday,False,True
20210911,2021-09-11,2021,3,9,September,36,6,Saturday,True,False
20210912,2021-09-12,2021,3,9,September,36,7,Sunday,True,False
20210913,2021-09-13,2021,3,9,September,37,1,Monday,False,True
20210914,2021-09-14,2021,3,9,September,37,2,Tuesday,False,True
20210915,2021-09-15,2021,3,9,September,37,3,Wednesday,False,True
20210916,2021-09-16,2021,3,9,September,37,4,Thursday,False,True
20210917,2021-09-17,2021,3,9,September,37,5,Friday,False,True
20210918,2021-09-18,2021,3,9,September,37,6,Saturday,True,False
20210919,2021-09-19,2021,3,9,September,37,7,Sunday,True,False
20210920,2021-09-20,2021,3,9,September,38,1,Monday,False,True
20210921,2021-09-21,2021,3,9,September,38,2,Tuesday,False,True
20210922,2021-09-22,2021,3,9,September,38,3,Wednesday,False,True
20210923,2021-09-23,2021,3,9,September,38,4,Thursday,False,True
20210924,2021-09-24,2021,3,9,September,38,5,Friday,False,True
20210925,2021-09-25,2021,3,9,September,38,6,Saturday,True,False
20210926,2021-09-26,2021,3,9,September,38,7,Sunday,True,False
20210927,2021-09-27,2021,3,9,September,39,1,Monday,False,True
20210928,2021-09-28,2021,3,9,September,39,2,Tuesday,False,True
20210929,2021-09-29,2021,3,9,September,39,3,Wednesday,False,True
20210930,2021-09-30,2021,3,9,September,39,4,Thursday,False,True
20211001,2021-10-01,2021,4,10,October,39,5,Friday,False,True
20211002,2021-10-02,2021,4,10,October,39,6,Saturday,True,False
20211003,2021-10-03,2021,4,10,October,39,7,Sunday,True,False
20211004,2021-10-04,2021,4,10,October,40,1,Monday,False,True
20211005,2021-10-05,2021,4,10,October,40,2,Tuesday,False,True
20211006,2021-10-06,2021,4,10,October,40,3,Wednesday,False,True
20211007,2021-10-07,2021,4,10,October,40,4,Thursday,False,True
20211008,2021-10-08,2021,4,10,October,40,5,Friday,False,True
20211009,2021-10-09,2021,4,10,October,40,6,Saturday,True,False
20211010,2021-10-10,2021,4,10,October,40,7,Sunday,True,False
20211011,2021-10-11,2021,4,10,October,41,1,Monday,False,True
20211012,2021-10-12,2021,4,10,October,41,2,Tuesday,False,False
20211013,2021-10-13,2021,4,10,October,41,3,Wednesday,False,True
20211014,2021-10-14,2021,4,10,October,41,4,Thursday,False,True
20211015,2021-10-15,2021,4,10,October,41,5,Friday,False,True
20211016,2021-10-16,2021,4,10,October,41,6,Saturday,True,False
20211017,2021-10-17,2021,4,10,October,41,7,Sunday,True,False
20211018,2021-10-18,2021,4,10,October,42,1,Monday,False,True
20211019,2021-10-19,2021,4,10,October,42,2,Tuesday,False,True
20211020,2021-10-20,2021,4,10,October,42,3,Wednesday,False,True
20211021,2021-10-21,2021,4,10,October,42,4,Thursday,False,True
20211022,2021-10-22,2021,4,10,October,42,5,Friday,False,True
20211023,2021-10-23,2021,4,10,October,42,6,Saturday,True,False
20211024,2021-10-24,2021,4,10,October,42,7,Sunday,True,False
20211025,2021-10-25,2021,4,10,October,43,1,Monday,False,True
20211026,2021-10-26,2021,4,10,October,43,2,Tuesday,False,True
20211027,2021-10-27,2021,4,10,October,43,3,Wednesday,False,True
20211028,2021-10-28,2021,4,10,October,43,4,Thursday,False,True
20211029,2021-10-29,2021,4,10,October,43,5,Friday,False,True
20211030,2021-10-30,2021,4,10,October,43,6,Saturday,True,False
20211031,2021-10-31,2021,4,10,October,43,7,Sunday,True,False
20211101,2021-11-01,2021,4,11,November,44,1,Monday,False,True
20211102,2021-11-02,2021,4,11,November,44,2,Tuesday,False,False
20211103,2021-11-03,2021,4,11,November,44,3,Wednesday,False,True
20211104,2021-11-04,2021,4,11,November,44,4,Thursday,False,True
20211105,2021-11-05,2021,4,11,November,44,5,Friday,False,True
20211106,2021-11-06,2021,4,11,November,44,6,Saturday,True,False
20211107,2021-11-07,2021,4,11,November,44,7,Sunday,True,False
20211108,2021-11-08,2021,4,11,November,45,1,Monday,False,True
20211109,2021-11-09,2021,4,11,November,45,2,Tuesday,False,True
20211110,2021-11-10,2021,4,11,November,45,3,Wednesday,False,True
20211111,2021-11-11,2021,4,11,November,45,4,Thursday,False,True
20211112,2021-11-12,2021,4,11,November,45,5,Friday,False,True
20211113,2021-11-13,2021,4,11,November,45,6,Saturday,True,False
20211114,2021-11-14,2021,4,11,November,45,7,Sunday,True,False
20211115,2021-11-15,2021,4,11,November,46,1,Monday,False,False
20211116,2021-11-16,2021,4,11,November,46,2,Tuesday,False,True
20211117,2021-11-17,2021,4,11,November,46,3,Wednesday,False,True
20211118,2021-11-18,2021,4,11,November,46,4,Thursday,False,True
20211119,2021-11-19,2021,4,11,November,46,5,Friday,False,True
20211120,2021-11-20,2021,4,11,November,46,6,Saturday,True,False
20211121,2021-11-21,2021,4,11,November,46,7,Sunday,True,False
20211122,2021-11-22,2021,4,11,November,47,1,Monday,False,True
20211123,2021-11-23,2021,4,11,November,47,2,Tuesday,False,True
20211124,2021-11-24,2021,4,11,November,47,3,Wednesday,False,True
20211125,2021-11-25,2021,4,11,November,47,4,Thursday,False,True
20211126,2021-11-26,2021,4,11,November,47,5,Friday,False,True
20211127,2021-11-27,2021,4,11,November,47,6,Saturday,True,False
20211128,2021-11-28,2021,4,11,November,47,7,Sunday,True,False
20211129,2021-11-29,2021,4,11,November,48,1,Monday,False,True
20211130,2021-11-30,2021,4,11,November,48,2,Tuesday,False,True
20211201,2021-12-01,2021,4,12,December,48,3,Wednesday,False,True
20211202,2021-12-02,2021,4,12,December,48,4,Thursday,False,True
20211203,2021-12-03,2021,4,12,December,48,5,Friday,False,True
20211204,2021-12-04,2021,4,12,December,48,6,Saturday,True,False
20211205,2021-12-05,2021,4,12,December,48,7,Sunday,True,False
20211206,2021-12-06,2021,4,12,December,49,1,Monday,False,True
20211207,2021-12-07,2021,4,12,December,49,2,Tuesday,False,True
20211208,2021-12-08,2021,4,12,December,49,3,Wednesday,False,True
20211209,2021-12-09,2021,4,12,December,49,4,Thursday,False,True
20211210,2021-12-10,2021,4,12,December,49,5,Friday,False,True
20211211,2021-12-11,2021,4,12,December,49,6,Saturday,True,False
20211212,2021-12-12,2021,4,12,December,49,7,Sunday,True,False
20211213,2021-12-13,2021,4,12,December,50,1,Monday,False,True
20211214,2021-12-14,2021,4,12,December,50,2,Tuesday,False,True
20211215,2021-12-15,2021,4,12,December,50,3,Wednesday,False,True
20211216,2021-12-16,2021,4,12,December,50,4,Thursday,False,True
20211217,2021-12-17,2021,4,12,December,50,5,Friday,False,True
20211218,2021-12-18,2021,4,12,December,50,6,Saturday,True,False
20211219,2021-12-19,2021,4,12,December,50,7,Sunday,True,False
20211220,2021-12-20,2021,4,12,December,51,1,Monday,False,True
20211221,2021-12-21,2021,4,12,December,51,2,Tuesday,False,True
20211222,2021-12-22,2021,4,12,December,51,3,Wednesday,False,True
20211223,2021-12-23,2021,4,12,December,51,4,Thursday,False,True
20211224,2021-12-24,2021,4,12,December,51,5,Friday,False,True
20211225,2021-12-25,2021,4,12,December,51,6,Saturday,True,False
20211226,2021-12-26,2021,4,12,December,51,7,Sunday,True,False
20211227,2021-12-27,2021,4,12,December,52,1,Monday,False,True
20211228,2021-12-28,2021,4,12,December,52,2,Tuesday,False,True
20211229,2021-12-29,2021,4,12,December,52,3,Wednesday,False,True
20211230,2021-12-30,2021,4,12,December,52,4,Thursday,False,True
20211231,2021-12-31,2021,4,12,December,52,5,Friday,False,True
20220101,2022-01-01,2022,1,1,January,52,6,Saturday,True,False
20220102,2022-01-02,2022,1,1,January,52,7,Sunday,True,False
20220103,2022-01-03,2022,1,1,January,1,1,Monday,False,True
20220104,2022-01-04,2022,1,1,January,1,2,Tuesday,False,True
20220105,2022-01-05,2022,1,1,January,1,3,Wednesday,False,True
20220106,2022-01-06,2022,1,1,January,1,4,Thursday,False,True
20220107,2022-01-07,2022,1,1,January,1,5,Friday,False,True
20220108,2022-01-08,2022,1,1,January,1,6,Saturday,True,False
20220109,2022-01-09,2022,1,1,January,1,7,Sunday,True,False
20220110,2022-01-10,2022,1,1,January,2,1,Monday,False,True
20220111,2022-01-11,2022,1,1,January,2,2,Tuesday,False,True
20220112,2022-01-12,2022,1,1,January,2,3,Wednesday,False,True
20220113,2022-01-13,2022,1,1,January,2,4,Thursday,False,True
20220114,2022-01-14,2022,1,1,January,2,5,Friday,False,True
20220115,2022-01-15,2022,1,1,January,2,6,Saturday,True,False
20220116,2022-01-16,2022,1,1,January,2,7,Sunday,True,False
20220117,2022-01-17,2022,1,1,January,3,1,Monday,False,True
20220118,2022-01-18,2022,1,1,January,3,2,Tuesday,False,True
20220119,2022-01-19,2022,1,1,January,3,3,Wednesday,False,True
20220120,2022-01-20,2022,1,1,January,3,4,Thursday,False,True
20220121,2022-01-21,2022,1,1,January,3,5,Friday,False,True
20220122,2022-01-22,2022,1,1,January,3,6,Saturday,True,False
20220123,2022-01-23,2022,1,1,January,3,7,Sunday,True,False
20220124,2022-01-24,2022,1,1,January,4,1,Monday,False,True
20220125,2022-01-25,2022,1,1,January,4,2,Tuesday,False,True
20220126,2022-01-26,2022,1,1,January,4,3,Wednesday,False,True
20220127,2022-01-27,2022,1,1,January,4,4,Thursday,False,True
20220128,2022-01-28,2022,1,1,January,4,5,Friday,False,True
20220129,2022-01-29,2022,1,1,January,4,6,Saturday,True,False
20220130,2022-01-30,2022,1,1,January,4,7,Sunday,True,False
20220131,2022-01-31,2022,1,1,January,5,1,Monday,False,True
20220201,2022-02-01,2022,1,2,February,5,2,Tuesday,False,True
20220202,2022-02-02,2022,1,2,February,5,3,Wednesday,False,True
20220203,2022-02-03,2022,1,2,February,5,4,Thursday,False,True
20220204,2022-02-04,2022,1,2,February,5,5,Friday,False,True
20220205,2022-02-05,2022,1,2,February,5,6,Saturday,True,False
20220206,2022-02-06,2022,1,2,February,5,7,Sunday,True,False
20220207,2022-02-07,2022,1,2,February,6,1,Monday,False,True
20220208,2022-02-08,2022,1,2,February,6,2,Tuesday,False,True
20220209,2022-02-09,2022,1,2,February,6,3,Wednesday,False,True
20220210,2022-02-10,2022,1,2,February,6,4,Thursday,False,True
20220211,2022-02-11,2022,1,2,February,6,5,Friday,False,True
20220212,2022-02-12,2022,1,2,February,6,6,Saturday,True,False
20220213,2022-02-13,2022,1,2,February,6,7,Sunday,True,False
20220214,2022-02-14,2022,1,2,February,7,1,Monday,False,True
20220215,2022-02-15,2022,1,2,February,7,2,Tuesday,False,True
20220216,2022-02-16,2022,1,2,February,7,3,Wednesday,False,True
20220217,2022-02-17,2022,1,2,February,7,4,Thursday,False,True
20220218,2022-02-18,2022,1,2,February,7,5,Friday,False,True
20220219,2022-02-19,2022,1,2,February,7,6,Saturday,True,False
20220220,2022-02-20,2022,1,2,February,7,7,Sunday,True,False
20220221,2022-02-21,2022,1,2,February,8,1,Monday,False,True
20220222,2022-02-22,2022,1,2,February,8,2,Tuesday,False,True
20220223,2022-02-23,2022,1,2,February,8,3,Wednesday,False,True
20220224,2022-02-24,2022,1,2,February,8,4,Thursday,False,True
20220225,2022-02-25,2022,1,2,February,8,5,Friday,False,True
20220226,2022-02-26,2022,1,2,February,8,6,Saturday,True,False
20220227,2022-02-27,2022,1,2,February,8,7,Sunday,True,False
20220228,2022-02-28,2022,1,2,February,9,1,Monday,False,False
20220301,2022-03-01,2022,1,3,March,9,2,Tuesday,False,False
20220302,2022-03-02,2022,1,3,March,9,3,Wednesday,False,True
20220303,2022-03-03,2022,1,3,March,9,4,Thursday,False,True
20220304,2022-03-04,2022,1,3,March,9,5,Friday,False,True
20220305,2022-03-05,2022,1,3,March,9,6,Saturday,True,False
20220306,2022-03-06,2022,1,3,March,9,7,Sunday,True,False
20220307,2022-03-07,2022,1,3,March,10,1,Monday,False,True
20220308,2022-03-08,2022,1,3,March,10,2,Tuesday,False,True
20220309,2022-03-09,2022,1,3,March,10,3,Wednesday,False,True
20220310,2022-03-10,2022,1,3,March,10,4,Thursday,False,True
20220311,2022-03-11,2022,1,3,March,10,5,Friday,False,True
20220312,2022-03-12,2022,1,3,March,10,6,Saturday,True,False
20220313,2022-03-13,2022,1,3,March,10,7,Sunday,True,False
20220314,2022-03-14,2022,1,3,March,11,1,Monday,False,True
20220315,2022-03-15,2022,1,3,March,11,2,Tuesday,False,True
20220316,2022-03-16,2022,1,3,March,11,3,Wednesday,False,True
20220317,2022-03-17,2022,1,3,March,11,4,Thursday,False,True
20220318,2022-03-18,2022,1,3,March,11,5,Friday,False,True
20220319,2022-03-19,2022,1,3,March,11,6,Saturday,True,False
20220320,2022-03-20,2022,1,3,March,11,7,Sunday,True,False
20220321,2022-03-21,2022,1,3,March,12,1,Monday,False,True
20220322,2022-03-22,2022,1,3,March,12,2,Tuesday,False,True
20220323,2022-03-23,2022,1,3,March,12,3,Wednesday,False,True
20220324,2022-03-24,2022,1,3,March,12,4,Thursday,False,True
20220325,2022-03-25,2022,1,3,March,12,5,Friday,False,True
20220326,2022-03-26,2022,1,3,March,12,6,Saturday,True,False
20220327,2022-03-27,2022,1,3,March,12,7,Sunday,True,False
20220328,2022-03-28,2022,1,3,March,13,1,Monday,False,True
20220329,2022-03-29,2022,1,3,March,13,2,Tuesday,False,True
20220330,2022-03-30,2022,1,3,March,13,3,Wednesday,False,True
20220331,2022-03-31,2022,1,3,March,13,4,Thursday,False,True
20220401,2022-04-01,2022,2,4,April,13,5,Friday,False,True
20220402,2022-04-02,2022,2,4,April,13,6,Saturday,True,False
20220403,2022-04-03,2022,2,4,April,13,7,Sunday,True,False
20220404,2022-04-04,2022,2,4,April,14,1,Monday,False,True
20220405,2022-04-05,2022,2,4,April,14,2,Tuesday,False,True
20220406,2022-04-06,2022,2,4,April,14,3,Wednesday,False,True
20220407,2022-04-07,2022,2,4,April,14,4,Thursday,False,True
20220408,2022-04-08,2022,2,4,April,14,5,Friday,False,True
20220409,2022-04-09,2022,2,4,April,14,6,Saturday,True,False
20220410,2022-04-10,2022,2,4,April,14,7,Sunday,True,False
20220411,2022-04-11,2022,2,4,April,15,1,Monday,False,True
20220412,2022-04-12,2022,2,4,April,15,2,Tuesday,False,True
20220413,2022-04-13,2022,2,4,April,15,3,Wednesday,False,True
20220414,2022-04-14,2022,2,4,April,15,4,Thursday,False,True
20220415,2022-04-15,2022,2,4,April,15,5,Friday,False,False
20220416,2022-04-16,2022,2,4,April,15,6,Saturday,True,False
20220417,2022-04-17,2022,2,4,April,15,7,Sunday,True,False
20220418,2022-04-18,2022,2,4,April,16,1,Monday,False,True
20220419,2022-04-19,2022,2,4,April,16,2,Tuesday,False,True
20220420,2022-04-20,2022,2,4,April,16,3,Wednesday,False,True
20220421,2022-04-21,2022,2,4,April,16,4,Thursday,False,False
20220422,2022-04-22,2022,2,4,April,16,5,Friday,False,True
20220423,2022-04-23,2022,2,4,April,16,6,Saturday,True,False
20220424,2022-04-24,2022,2,4,April,16,7,Sunday,True,False
20220425,2022-04-25,2022,2,4,April,17,1,Monday,False,True
20220426,2022-04-26,2022,2,4,April,17,2,Tuesday,False,True
20220427,2022-04-27,2022,2,4,April,17,3,Wednesday,False,True
20220428,2022-04-28,2022,2,4,April,17,4,Thursday,False,True
20220429,2022-04-29,2022,2,4,April,17,5,Friday,False,True
20220430,2022-04-30,2022,2,4,April,17,6,Saturday,True,False
20220501,2022-05-01,2022,2,5,May,17,7,Sunday,True,False
20220502,2022-05-02,2022,2,5,May,18,1,Monday,False,True
20220503,2022-05-03,2022,2,5,May,18,2,Tuesday,False,True
20220504,2022-05-04,2022,2,5,May,18,3,Wednesday,False,True
20220505,2022-05-05,2022,2,5,May,18,4,Thursday,False,True
20220506,2022-05-06,2022,2,5,May,18,5,Friday,False,True
20220507,2022-05-07,2022,2,5,May,18,6,Saturday,True,False
20220508,2022-05-08,2022,2,5,May,18,7,Sunday,True,False
20220509,2022-05-09,2022,2,5,May,19,1,Monday,False,True
20220510,2022-05-10,2022,2,5,May,19,2,Tuesday,False,True
20220511,2022-05-11,2022,2,5,May,19,3,Wednesday,False,True
20220512,2022-05-12,2022,2,5,May,19,4,Thursday,False,True
20220513,2022-05-13,2022,2,5,May,19,5,Friday,False,True
20220514,2022-05-14,2022,2,5,May,19,6,Saturday,True,False
20220515,2022-05-15,2022,2,5,May,19,7,Sunday,True,False
20220516,2022-05-16,2022,2,5,May,20,1,Monday,False,True
20220517,2022-05-17,2022,2,5,May,20,2,Tuesday,False,True
20220518,2022-05-18,2022,2,5,May,20,3,Wednesday,False,True
20220519,2022-05-19,2022,2,5,May,20,4,Thursday,False,True
20220520,2022-05-20,2022,2,5,May,20,5,Friday,False,True
20220521,2022-05-21,2022,2,5,May,20,6,Saturday,True,False
20220522,2022-05-22,2022,2,5,May,20,7,Sunday,True,False
20220523,2022-05-23,2022,2,5,May,21,1,Monday,False,True
20220524,2022-05-24,2022,2,5,May,21,2,Tuesday,False,True
20220525,2022-05-25,2022,2,5,May,21,3,Wednesday,False,True
20220526,2022-05-26,2022,2,5,May,21,4,Thursday,False,True
20220527,2022-05-27,2022,2,5,May,21,5,Friday,False,True
20220528,2022-05-28,2022,2,5,May,21,6,Saturday,True,False
20220529,2022-05-29,2022,2,5,May,21,7,Sunday,True,False
20220530,2022-05-30,2022,2,5,May,22,1,Monday,False,True
20220531,2022-05-31,2022,2,5,May,22,2,Tuesday,False,True
20220601,2022-06-01,2022,2,6,June,22,3,Wednesday,False,True
20220602,2022-06-02,2022,2,6,June,22,4,Thursday,False,True
20220603,2022-06-03,2022,2,6,June,22,5,Friday,False,True
20220604,2022-06-04,2022,2,6,June,22,6,Saturday,True,False
20220605,2022-06-05,2022,2,6,June,22,7,Sunday,True,False
20220606,2022-06-06,2022,2,6,June,23,1,Monday,False,True
20220607,2022-06-07,2022,2,6,June,23,2,Tuesday,False,True
20220608,2022-06-08,2022,2,6,June,23,3,Wednesday,False,True
20220609,2022-06-09,2022,2,6,June,23,4,Thursday,False,True
20220610,2022-06-10,2022,2,6,June,23,5,Friday,False,True
20220611,2022-06-11,2022,2,6,June,23,6,Saturday,True,False
20220612,2022-06-12,2022,2,6,June,23,7,Sunday,True,False
20220613,2022-06-13,2022,2,6,June,24,1,Monday,False,True
20220614,2022-06-14,2022,2,6,June,24,2,Tuesday,False,True
20220615,2022-06-15,2022,2,6,June,24,3,Wednesday,False,True
20220616,2022-06-16,2022,2,6,June,24,4,Thursday,False,False
20220617,2022-06-17,2022,2,6,June,24,5,Friday,False,True
20220618,2022-06-18,2022,2,6,June,24,6,Saturday,True,False
20220619,2022-06-19,2022,2,6,June,24,7,Sunday,True,False
20220620,2022-06-20,2022,2,6,June,25,1,Monday,False,True
20220621,2022-06-21,2022,2,6,June,25,2,Tuesday,False,True
20220622,2022-06-22,2022,2,6,June,25,3,Wednesday,False,True
20220623,2022-06-23,2022,2,6,June,25,4,Thursday,False,True
20220624,2022-06-24,2022,2,6,June,25,5,Friday,False,True
20220625,2022-06-25,2022,2,6,June,25,6,Saturday,True,False
20220626,2022-06-26,2022,2,6,June,25,7,Sunday,True,False
20220627,2022-06-27,2022,2,6,June,26,1,Monday,False,True
20220628,2022-06-28,2022,2,6,June,26,2,Tuesday,False,True
20220629,2022-06-29,2022,2,6,June,26,3,Wednesday,False,True
20220630,2022-06-30,2022,2,6,June,26,4,Thursday,False,True
20220701,2022-07-01,2022,3,7,July,26,5,Friday,False,True
20220702,2022-07-02,2022,3,7,July,26,6,Saturday,True,False
20220703,2022-07-03,2022,3,7,July,26,7,Sunday,True,False
20220704,2022-07-04,2022,3,7,July,27,1,Monday,False,True
20220705,2022-07-05,2022,3,7,July,27,2,Tuesday,False,True
20220706,2022-07-06,2022,3,7,July,27,3,Wednesday,False,True
20220707,2022-07-07,2022,3,7,July,27,4,Thursday,False,True
20220708,2022-07-08,2022,3,7,July,27,5,Friday,False,True
20220709,2022-07-09,2022,3,7,July,27,6,Saturday,True,False
20220710,2022-07-10,2022,3,7,July,27,7,Sunday,True,False
20220711,2022-07-11,2022,3,7,July,28,1,Monday,False,True
20220712,2022-07-12,2022,3,7,July,28,2,Tuesday,False,True
20220713,2022-07-13,2022,3,7,July,28,3,Wednesday,False,True
20220714,2022-07-14,2022,3,7,July,28,4,Thursday,False,True
20220715,2022-07-15,2022,3,7,July,28,5,Friday,False,True
20220716,2022-07-16,2022,3,7,July,28,6,Saturday,True,False
20220717,2022-07-17,2022,3,7,July,28,7,Sunday,True,False
20220718,2022-07-18,2022,3,7,July,29,1,Monday,False,True
20220719,2022-07-19,2022,3,7,July,29,2,Tuesday,False,True
20220720,2022-07-20,2022,3,7,July,29,3,Wednesday,False,True
20220721,2022-07-21,2022,3,7,July,29,4,Thursday,False,True
20220722,2022-07-22,2022,3,7,July,29,5,Friday,False,True
20220723,2022-07-23,2022,3,7,July,29,6,Saturday,True,False
20220724,2022-07-24,2022,3,7,July,29,7,Sunday,True,False
20220725,2022-07-25,2022,3,7,July,30,1,Monday,False,True
20220726,2022-07-26,2022,3,7,July,30,2,Tuesday,False,True
20220727,2022-07-27,2022,3,7,July,30,3,Wednesday,False,True
20220728,2022-07-28,2022,3,7,July,30,4,Thursday,False,True
20220729,2022-07-29,2022,3,7,July,30,5,Friday,False,True
20220730,2022-07-30,2022,3,7,July,30,6,Saturday,True,False
20220731,2022-07-31,2022,3,7,July,30,7,Sunday,True,False
20220801,2022-08-01,2022,3,8,August,31,1,Monday,False,True
20220802,2022-08-02,2022,3,8,August,31,2,Tuesday,False,True
20220803,2022-08-03,2022,3,8,August,31,3,Wednesday,False,True
20220804,2022-08-04,2022,3,8,August,31,4,Thursday,False,True
20220805,2022-08-05,2022,3,8,August,31,5,Friday,False,True
20220806,2022-08-06,2022,3,8,August,31,6,Saturday,True,False
20220807,2022-08-07,2022,3,8,August,31,7,Sunday,True,False
20220808,2022-08-08,2022,3,8,August,32,1,Monday,False,True
20220809,2022-08-09,2022,3,8,August,32,2,Tuesday,False,True
20220810,2022-08-10,2022,3,8,August,32,3,Wednesday,False,True
20220811,2022-08-11,2022,3,8,August,32,4,Thursday,False,True
20220812,2022-08-12,2022,3,8,August,32,5,Friday,False,True
20220813,2022-08-13,2022,3,8,August,32,6,Saturday,True,False
20220814,2022-08-14,2022,3,8,August,32,7,Sunday,True,False
20220815,2022-08-15,2022,3,8,August,33,1,Monday,False,True
20220816,2022-08-16,2022,3,8,August,33,2,Tuesday,False,True
20220817,2022-08-17,2022,3,8,August,33,3,Wednesday,False,True
20220818,2022-08-18,2022,3,8,August,33,4,Thursday,False,True
20220819,2022-08-19,2022,3,8,August,33,5,Friday,False,True
20220820,2022-08-20,2022,3,8,August,33,6,Saturday,True,False
20220821,2022-08-21,2022,3,8,August,33,7,Sunday,True,False
20220822,2022-08-22,2022,3,8,August,34,1,Monday,False,True
20220823,2022-08-23,2022,3,8,August,34,2,Tuesday,False,True
20220824,2022-08-24,2022,3,8,August,34,3,Wednesday,False,True
20220825,2022-08-25,2022,3,8,August,34,4,Thursday,False,True
20220826,2022-08-26,2022,3,8,August,34,5,Friday,False,True
20220827,2022-08-27,2022,3,8,August,34,6,Saturday,True,False
20220828,2022-08-28,2022,3,8,August,34,7,Sunday,True,False
20220829,2022-08-29,2022,3,8,August,35,1,Monday,False,True
20220830,2022-08-30,2022,3,8,August,35,2,Tuesday,False,True
20220831,2022-08-31,2022,3,8,August,35,3,Wednesday,False,True
20220901,2022-09-01,2022,3,9,September,35,4,Thursday,False,True
20220902,2022-09-02,2022,3,9,September,35,5,Friday,False,True
20220903,2022-09-03,2022,3,9,September,35,6,Saturday,True,False
20220904,2022-09-04,2022,3,9,September,35,7,Sunday,True,False
20220905,2022-09-05,2022,3,9,September,36,1,Monday,False,True
20220906,2022-09-06,2022,3,9,September,36,2,Tuesday,False,True
20220907,2022-09-07,2022,3,9,September,36,3,Wednesday,False,False
20220908,2022-09-08,2022,3,9,September,36,4,Thursday,False,True
20220909,2022-09-09,2022,3,9,September,36,5,Friday,False,True
20220910,2022-09-10,2022,3,9,September,36,6,Saturday,True,False
20220911,2022-09-11,2022,3,9,September,36,7,Sunday,True,False
20220912,2022-09-12,2022,3,9,September,37,1,Monday,False,True
20220913,2022-09-13,2022,3,9,September,37,2,Tuesday,False,True
20220914,2022-09-14,2022,3,9,September,37,3,Wednesday,False,True
20220915,2022-09-15,2022,3,9,September,37,4,Thursday,False,True
20220916,2022-09-16,2022,3,9,September,37,5,Friday,False,True
20220917,2022-09-17,2022,3,9,September,37,6,Saturday,True,False
20220918,2022-09-18,2022,3,9,September,37,7,Sunday,True,False
20220919,2022-09-19,2022,3,9,September,38,1,Monday,False,True
20220920,2022-09-20,2022,3,9,September,38,2,Tuesday,False,True
20220921,2022-09-21,2022,3,9,September,38,3,Wednesday,False,True
20220922,2022-09-22,2022,3,9,September,38,4,Thursday,False,True
20220923,2022-09-23,2022,3,9,September,38,5,Friday,False,True
20220924,2022-09-24,2022,3,9,September,38,6,Saturday,True,False
20220925,2022-09-25,2022,3,9,September,38,7,Sunday,True,False
20220926,2022-09-26,2022,3,9,September,39,1,Monday,False,True
20220927,2022-09-27,2022,3,9,September,39,2,Tuesday,False,True
20220928,2022-09-28,2022,3,9,September,39,3,Wednesday,False,True
20220929,2022-09-29,2022,3,9,September,39,4,Thursday,False,True
20220930,2022-09-30,2022,3,9,September,39,5,Friday,False,True
20221001,2022-10-01,2022,4,10,October,39,6,Saturday,True,False
20221002,2022-10-02,2022,4,10,October,39,7,Sunday,True,False
20221003,2022-10-03,2022,4,10,October,40,1,Monday,False,True
20221004,2022-10-04,2022,4,10,October,40,2,Tuesday,False,True
20221005,2022-10-05,2022,4,10,October,40,3,Wednesday,False,True
20221006,2022-10-06,2022,4,10,October,40,4,Thursday,False,True
20221007,2022-10-07,2022,4,10,October,40,5,Friday,False,True
20221008,2022-10-08,2022,4,10,October,40,6,Saturday,True,False
20221009,2022-10-09,2022,4,10,October,40,7,Sunday,True,False
20221010,2022-10-10,2022,4,10,October,41,1,Monday,False,True
20221011,2022-10-11,2022,4,10,October,41,2,Tuesday,False,True
20221012,2022-10-12,2022,4,10,October,41,3,Wednesday,False,False
20221013,2022-10-13,2022,4,10,October,41,4,Thursday,False,True
20221014,2022-10-14,2022,4,10,October,41,5,Friday,False,True
20221015,2022-10-15,2022,4,10,October,41,6,Saturday,True,False
20221016,2022-10-16,2022,4,10,October,41,7,Sunday,True,False
20221017,2022-10-17,2022,4,10,October,42,1,Monday,False,True
20221018,2022-10-18,2022,4,10,October,42,2,Tuesday,False,True
20221019,2022-10-19,2022,4,10,October,42,3,Wednesday,False,True
20221020,2022-10-20,2022,4,10,October,42,4,Thursday,False,True
20221021,2022-10-21,2022,4,10,October,42,5,Friday,False,True
20221022,2022-10-22,2022,4,10,October,42,6,Saturday,True,False
20221023,2022-10-23,2022,4,10,October,42,7,Sunday,True,False
20221024,2022-10-24,2022,4,10,October,43,1,Monday,False,True
20221025,2022-10-25,2022,4,10,October,43,2,Tuesday,False,True
20221026,2022-10-26,2022,4,10,October,43,3,Wednesday,False,True
20221027,2022-10-27,2022,4,10,October,43,4,Thursday,False,True
20221028,2022-10-28,2022,4,10,October,43,5,Friday,False,True
20221029,2022-10-29,2022,4,10,October,43,6,Saturday,True,False
20221030,2022-10-30,2022,4,10,October,43,7,Sunday,True,False
20221031,2022-10-31,2022,4,10,October,44,1,Monday,False,True
20221101,2022-11-01,2022,4,11,November,44,2,Tuesday,False,True
20221102,2022-11-02,2022,4,11,November,44,3,Wednesday,False,False
20221103,2022-11-03,2022,4,11,November,44,4,Thursday,False,True
20221104,2022-11-04,2022,4,11,November,44,5,Friday,False,True
20221105,2022-11-05,2022,4,11,November,44,6,Saturday,True,False
20221106,2022-11-06,2022,4,11,November,44,7,Sunday,True,False
20221107,2022-11-07,2022,4,11,November,45,1,Monday,False,True
20221108,2022-11-08,2022,4,11,November,45,2,Tuesday,False,True
20221109,2022-11-09,2022,4,11,November,45,3,Wednesday,False,True
20221110,2022-11-10,2022,4,11,November,45,4,Thursday,False,True
20221111,2022-11-11,2022,4,11,November,45,5,Friday,False,True
20221112,2022-11-12,2022,4,11,November,45,6,Saturday,True,False
20221113,2022-11-13,2022,4,11,November,45,7,Sunday,True,False
20221114,2022-11-14,2022,4,11,November,46,1,Monday,False,True
20221115,2022-11-15,2022,4,11,November,46,2,Tuesday,False,False
20221116,2022-11-16,2022,4,11,November,46,3,Wednesday,False,True
20221117,2022-11-17,2022,4,11,November,46,4,Thursday,False,True
20221118,2022-11-18,2022,4,11,November,46,5,Friday,False,True
20221119,2022-11-19,2022,4,11,November,46,6,Saturday,True,False
20221120,2022-11-20,2022,4,11,November,46,7,Sunday,True,False
20221121,2022-11-21,2022,4,11,November,47,1,Monday,False,True
20221122,2022-11-22,2022,4,11,November,47,2,Tuesday,False,True
20221123,2022-11-23,2022,4,11,November,47,3,Wednesday,False,True
20221124,2022-11-24,2022,4,11,November,47,4,Thursday,False,True
20221125,2022-11-25,2022,4,11,November,47,5,Friday,False,True
20221126,2022-11-26,2022,4,11,November,47,6,Saturday,True,False
20221127,2022-11-27,2022,4,11,November,47,7,Sunday,True,False
20221128,2022-11-28,2022,4,11,November,48,1,Monday,False,True
20221129,2022-11-29,2022,4,11,November,48,2,Tuesday,False,True
20221130,2022-11-30,2022,4,11,November,48,3,Wednesday,False,True
20221201,2022-12-01,2022,4,12,December,48,4,Thursday,False,True
20221202,2022-12-02,2022,4,12,December,48,5,Friday,False,True
20221203,2022-12-03,2022,4,12,December,48,6,Saturday,True,False
20221204,2022-12-04,2022,4,12,December,48,7,Sunday,True,False
20221205,2022-12-05,2022,4,12,December,49,1,Monday,False,True
20221206,2022-12-06,2022,4,12,December,49,2,Tuesday,False,True
20221207,2022-12-07,2022,4,12,December,49,3,Wednesday,False,True
20221208,2022-12-08,2022,4,12,December,49,4,Thursday,False,True
20221209,2022-12-09,2022,4,12,December,49,5,Friday,False,True
20221210,2022-12-10,2022,4,12,December,49,6,Saturday,True,False
20221211,2022-12-11,2022,4,12,December,49,7,Sunday,True,False
20221212,2022-12-12,2022,4,12,December,50,1,Monday,False,True
20221213,2022-12-13,2022,4,12,December,50,2,Tuesday,False,True
20221214,2022-12-14,2022,4,12,December,50,3,Wednesday,False,True
20221215,2022-12-15,2022,4,12,December,50,4,Thursday,False,True
20221216,2022-12-16,2022,4,12,December,50,5,Friday,False,True
20221217,2022-12-17,2022,4,12,December,50,6,Saturday,True,False
20221218,2022-12-18,2022,4,12,December,50,7,Sunday,True,False
20221219,2022-12-19,2022,4,12,December,51,1,Monday,False,True
20221220,2022-12-20,2022,4,12,December,51,2,Tuesday,False,True
20221221,2022-12-21,2022,4,12,December,51,3,Wednesday,False,True
20221222,2022-12-22,2022,4,12,December,51,4,Thursday,False,True
20221223,2022-12-23,2022,4,12,December,51,5,Friday,False,True
20221224,2022-12-24,2022,4,12,December,51,6,Saturday,True,False
20221225,2022-12-25,2022,4,12,December,51,7,Sunday,True,False
20221226,2022-12-26,2022,4,12,December,52,1,Monday,False,True
20221227,2022-12-27,2022,4,12,December,52,2,Tuesday,False,True
20221228,2022-12-28,2022,4,12,December,52,3,Wednesday,False,True
20221229,2022-12-29,2022,4,12,December,52,4,Thursday,False,True
20221230,2022-12-30,2022,4,12,December,52,5,Friday,False,True
20221231,2022-12-31,2022,4,12,December,52,6,Saturday,True,False
20230101,2023-01-01,2023,1,1,January,52,7,Sunday,True,False
20230102,2023-01-02,2023,1,1,January,1,1,Monday,False,True
20230103,2023-01-03,2023,1,1,January,1,2,Tuesday,False,True
20230104,2023-01-04,2023,1,1,January,1,3,Wednesday,False,True
20230105,2023-01-05,2023,1,1,January,1,4,Thursday,False,True
20230106,2023-01-06,2023,1,1,January,1,5,Friday,False,True
20230107,2023-01-07,2023,1,1,January,1,6,Saturday,True,False
20230108,2023-01-08,2023,1,1,January,1,7,Sunday,True,False
20230109,2023-01-09,2023,1,1,January,2,1,Monday,False,True
20230110,2023-01-10,2023,1,1,January,2,2,Tuesday,False,True
20230111,2023-01-11,2023,1,1,January,2,3,Wednesday,False,True
20230112,2023-01-12,2023,1,1,January,2,4,Thursday,False,True
20230113,2023-01-13,2023,1,1,January,2,5,Friday,False,True
20230114,2023-01-14,2023,1,1,January,2,6,Saturday,True,False
20230115,2023-01-15,2023,1,1,January,2,7,Sunday,True,False
20230116,2023-01-16,2023,1,1,January,3,1,Monday,False,True
20230117,2023-01-17,2023,1,1,January,3,2,Tuesday,False,True
20230118,2023-01-18,2023,1,1,January,3,3,Wednesday,False,True
20230119,2023-01-19,2023,1,1,January,3,4,Thursday,False,True
20230120,2023-01-20,2023,1,1,January,3,5,Friday,False,True
20230121,2023-01-21,2023,1,1,January,3,6,Saturday,True,False
20230122,2023-01-22,2023,1,1,January,3,7,Sunday,True,False
20230123,2023-01-23,2023,1,1,January,4,1,Monday,False,True
20230124,2023-01-24,2023,1,1,January,4,2,Tuesday,False,True
20230125,2023-01-25,2023,1,1,January,4,3,Wednesday,False,True
20230126,2023-01-26,2023,1,1,January,4,4,Thursday,False,True
20230127,2023-01-27,2023,1,1,January,4,5,Friday,False,True
20230128,2023-01-28,2023,1,1,January,4,6,Saturday,True,False
20230129,2023-01-29,2023,1,1,January,4,7,Sunday,True,False
20230130,2023-01-30,2023,1,1,January,5,1,Monday,False,True
20230131,2023-01-31,2023,1,1,January,5,2,Tuesday,False,True
20230201,2023-02-01,2023,1,2,February,5,3,Wednesday,False,True
20230202,2023-02-02,2023,1,2,February,5,4,Thursday,False,True
20230203,2023-02-03,2023,1,2,February,5,5,Friday,False,True
20230204,2023-02-04,2023,1,2,February,5,6,Saturday,True,False
20230205,2023-02-05,2023,1,2,February,5,7,Sunday,True,False
20230206,2023-02-06,2023,1,2,February,6,1,Monday,False,True
20230207,2023-02-07,2023,1,2,February,6,2,Tuesday,False,True
20230208,2023-02-08,2023,1,2,February,6,3,Wednesday,False,True
20230209,2023-02-09,2023,1,2,February,6,4,Thursday,False,True
20230210,2023-02-10,2023,1,2,February,6,5,Friday,False,True
20230211,2023-02-11,2023,1,2,February,6,6,Saturday,True,False
20230212,2023-02-12,2023,1,2,February,6,7,Sunday,True,False
20230213,2023-02-13,2023,1,2,February,7,1,Monday,False,True
20230214,2023-02-14,2023,1,2,February,7,2,Tuesday,False,True
20230215,2023-02-15,2023,1,2,February,7,3,Wednesday,False,True
20230216,2023-02-16,2023,1,2,February,7,4,Thursday,False,True
20230217,2023-02-17,2023,1,2,February,7,5,Friday,False,True
20230218,2023-02-18,2023,1,2,February,7,6,Saturday,True,False
20230219,2023-02-19,2023,1,2,February,7,7,Sunday,True,False
20230220,2023-02-20,2023,1,2,February,8,1,Monday,False,False
20230221,2023-02-21,2023,1,2,February,8,2,Tuesday,False,False
20230222,2023-02-22,2023,1,2,February,8,3,Wednesday,False,True
20230223,2023-02-23,2023,1,2,February,8,4,Thursday,False,True
20230224,2023-02-24,2023,1,2,February,8,5,Friday,False,True
20230225,2023-02-25,2023,1,2,February,8,6,Saturday,True,False
20230226,2023-02-26,2023,1,2,February,8,7,Sunday,True,False
20230227,2023-02-27,2023,1,2,February,9,1,Monday,False,True
20230228,2023-02-28,2023,1,2,February,9,2,Tuesday,False,True
20230301,2023-03-01,2023,1,3,March,9,3,Wednesday,False,True
20230302,2023-03-02,2023,1,3,March,9,4,Thursday,False,True
20230303,2023-03-03,2023,1,3,March,9,5,Friday,False,True
20230304,2023-03-04,2023,1,3,March,9,6,Saturday,True,False
20230305,2023-03-05,2023,1,3,March,9,7,Sunday,True,False
20230306,2023-03-06,2023,1,3,March,10,1,Monday,False,True
20230307,2023-03-07,2023,1,3,March,10,2,Tuesday,False,True
20230308,2023-03-08,2023,1,3,March,10,3,Wednesday,False,True
20230309,2023-03-09,2023,1,3,March,10,4,Thursday,False,True
20230310,2023-03-10,2023,1,3,March,10,5,Friday,False,True
20230311,2023-03-11,2023,1,3,March,10,6,Saturday,True,False
20230312,2023-03-12,2023,1,3,March,10,7,Sunday,True,False
20230313,2023-03-13,2023,1,3,March,11,1,Monday,False,True
20230314,2023-03-14,2023,1,3,March,11,2,Tuesday,False,True
20230315,2023-03-15,2023,1,3,March,11,3,Wednesday,False,True
20230316,2023-03-16,2023,1,3,March,11,4,Thursday,False,True
20230317,2023-03-17,2023,1,3,March,11,5,Friday,False,True
20230318,2023-03-18,2023,1,3,March,11,6,Saturday,True,False
20230319,2023-03-19,2023,1,3,March,11,7,Sunday,True,False
20230320,2023-03-20,2023,1,3,March,12,1,Monday,False,True
20230321,2023-03-21,2023,1,3,March,12,2,Tuesday,False,True
20230322,2023-03-22,2023,1,3,March,12,3,Wednesday,False,True
20230323,2023-03-23,2023,1,3,March,12,4,Thursday,False,True
20230324,2023-03-24,2023,1,3,March,12,5,Friday,False,True
20230325,2023-03-25,2023,1,3,March,12,6,Saturday,True,False
20230326,2023-03-26,2023,1,3,March,12,7,Sunday,True,False
20230327,2023-03-27,2023,1,3,March,13,1,Monday,False,True
20230328,2023-03-28,2023,1,3,March,13,2,Tuesday,False,True
20230329,2023-03-29,2023,1,3,March,13,3,Wednesday,False,True
20230330,2023-03-30,2023,1,3,March,13,4,Thursday,False,True
20230331,2023-03-31,2023,1,3,March,13,5,Friday,False,True
20230401,2023-04-01,2023,2,4,April,13,6,Saturday,True,False
20230402,2023-04-02,2023,2,4,April,13,7,Sunday,True,False
20230403,2023-04-03,2023,2,4,April,14,1,Monday,False,True
20230404,2023-04-04,2023,2,4,April,14,2,Tuesday,False,True
20230405,2023-04-05,2023,2,4,April,14,3,Wednesday,False,True
20230406,2023-04-06,2023,2,4,April,14,4,Thursday,False,True
20230407,2023-04-07,2023,2,4,April,14,5,Friday,False,False
20230408,2023-04-08,2023,2,4,April,14,6,Saturday,True,False
20230409,2023-04-09,2023,2,4,April,14,7,Sunday,True,False
20230410,2023-04-10,2023,2,4,April,15,1,Monday,False,True
20230411,2023-04-11,2023,2,4,April,15,2,Tuesday,False,True
20230412,2023-04-12,2023,2,4,April,15,3,Wednesday,False,True
20230413,2023-04-13,2023,2,4,April,15,4,Thursday,False,True
20230414,2023-04-14,2023,2,4,April,15,5,Friday,False,True
20230415,2023-04-15,2023,2,4,April,15,6,Saturday,True,False
20230416,2023-04-16,2023,2,4,April,15,7,Sunday,True,False
20230417,2023-04-17,2023,2,4,April,16,1,Monday,False,True
20230418,2023-04-18,2023,2,4,April,16,2,Tuesday,False,True
20230419,2023-04-19,2023,2,4,April,16,3,Wednesday,False,True
20230420,2023-04-20,2023,2,4,April,16,4,Thursday,False,True
20230421,2023-04-21,2023,2,4,April,16,5,Friday,False,False
20230422,2023-04-22,2023,2,4,April,16,6,Saturday,True,False
20230423,2023-04-23,2023,2,4,April,16,7,Sunday,True,False
20230424,2023-04-24,2023,2,4,April,17,1,Monday,False,True
20230425,2023-04-25,2023,2,4,April,17,2,Tuesday,False,True
20230426,2023-04-26,2023,2,4,April,17,3,Wednesday,False,True
20230427,2023-04-27,2023,2,4,April,17,4,Thursday,False,True
20230428,2023-04-28,2023,2,4,April,17,5,Friday,False,True
20230429,2023-04-29,2023,2,4,April,17,6,Saturday,True,False
20230430,2023-04-30,2023,2,4,April,17,7,Sunday,True,False
20230501,2023-05-01,2023,2,5,May,18,1,Monday,False,False
20230502,2023-05-02,2023,2,5,May,18,2,Tuesday,False,True
20230503,2023-05-03,2023,2,5,May,18,3,Wednesday,False,True
20230504,2023-05-04,2023,2,5,May,18,4,Thursday,False,True
20230505,2023-05-05,2023,2,5,May,18,5,Friday,False,True
20230506,2023-05-06,2023,2,5,May,18,6,Saturday,True,False
20230507,2023-05-07,2023,2,5,May,18,7,Sunday,True,False
20230508,2023-05-08,2023,2,5,May,19,1,Monday,False,True
20230509,2023-05-09,2023,2,5,May,19,2,Tuesday,False,True
20230510,2023-05-10,2023,2,5,May,19,3,Wednesday,False,True
20230511,2023-05-11,2023,2,5,May,19,4,Thursday,False,True
20230512,2023-05-12,2023,2,5,May,19,5,Friday,False,True
20230513,2023-05-13,2023,2,5,May,19,6,Saturday,True,False
20230514,2023-05-14,2023,2,5,May,19,7,Sunday,True,False
20230515,2023-05-15,2023,2,5,May,20,1,Monday,False,True
20230516,2023-05-16,2023,2,5,May,20,2,Tuesday,False,True
20230517,2023-05-17,2023,2,5,May,20,3,Wednesday,False,True
20230518,2023-05-18,2023,2,5,May,20,4,Thursday,False,True
20230519,2023-05-19,2023,2,5,May,20,5,Friday,False,True
20230520,2023-05-20,2023,2,5,May,20,6,Saturday,True,False
20230521,2023-05-21,2023,2,5,May,20,7,Sunday,True,False
20230522,2023-05-22,2023,2,5,May,21,1,Monday,False,True
20230523,2023-05-23,2023,2,5,May,21,2,Tuesday,False,True
20230524,2023-05-24,2023,2,5,May,21,3,Wednesday,False,True
20230525,2023-05-25,2023,2,5,May,21,4,Thursday,False,True
20230526,2023-05-26,2023,2,5,May,21,5,Friday,False,True
20230527,2023-05-27,2023,2,5,May,21,6,Saturday,True,False
20230528,2023-05-28,2023,2,5,May,21,7,Sunday,True,False
20230529,2023-05-29,2023,2,5,May,22,1,Monday,False,True
20230530,2023-05-30,2023,2,5,May,22,2,Tuesday,False,True
20230531,2023-05-31,2023,2,5,May,22,3,Wednesday,False,True
20230601,2023-06-01,2023,2,6,June,22,4,Thursday,False,True
20230602,2023-06-02,2023,2,6,June,22,5,Friday,False,True
20230603,2023-06-03,2023,2,6,June,22,6,Saturday,True,False
20230604,2023-06-04,2023,2,6,June,22,7,Sunday,True,False
20230605,2023-06-05,2023,2,6,June,23,1,Monday,False,True
20230606,2023-06-06,2023,2,6,June,23,2,Tuesday,False,True
20230607,2023-06-07,2023,2,6,June,23,3,Wednesday,False,True
20230608,2023-06-08,2023,2,6,June,23,4,Thursday,False,False
20230609,2023-06-09,2023,2,6,June,23,5,Friday,False,True
20230610,2023-06-10,2023,2,6,June,23,6,Saturday,True,False
20230611,2023-06-11,2023,2,6,June,23,7,Sunday,True,False
20230612,2023-06-12,2023,2,6,June,24,1,Monday,False,True
20230613,2023-06-13,2023,2,6,June,24,2,Tuesday,False,True
20230614,2023-06-14,2023,2,6,June,24,3,Wednesday,False,True
20230615,2023-06-15,2023,2,6,June,24,4,Thursday,False,True
20230616,2023-06-16,2023,2,6,June,24,5,Friday,False,True
20230617,2023-06-17,2023,2,6,June,24,6,Saturday,True,False
20230618,2023-06-18,2023,2,6,June,24,7,Sunday,True,False
20230619,2023-06-19,2023,2,6,June,25,1,Monday,False,True
20230620,2023-06-20,2023,2,6,June,25,2,Tuesday,False,True
20230621,2023-06-21,2023,2,6,June,25,3,Wednesday,False,True
20230622,2023-06-22,2023,2,6,June,25,4,Thursday,False,True
20230623,2023-06-23,2023,2,6,June,25,5,Friday,False,True
20230624,2023-06-24,2023,2,6,June,25,6,Saturday,True,False
20230625,2023-06-25,2023,2,6,June,25,7,Sunday,True,False
20230626,2023-06-26,2023,2,6,June,26,1,Monday,False,True
20230627,2023-06-27,2023,2,6,June,26,2,Tuesday,False,True
20230628,2023-06-28,2023,2,6,June,26,3,Wednesday,False,True
20230629,2023-06-29,2023,2,6,June,26,4,Thursday,False,True
20230630,2023-06-30,2023,2,6,June,26,5,Friday,False,True
20230701,2023-07-01,2023,3,7,July,26,6,Saturday,True,False
20230702,2023-07-02,2023,3,7,July,26,7,Sunday,True,False
20230703,2023-07-03,2023,3,7,July,27,1,Monday,False,True
20230704,2023-07-04,2023,3,7,July,27,2,Tuesday,False,True
20230705,2023-07-05,2023,3,7,July,27,3,Wednesday,False,True
20230706,2023-07-06,2023,3,7,July,27,4,Thursday,False,True
20230707,2023-07-07,2023,3,7,July,27,5,Friday,False,True
20230708,2023-07-08,2023,3,7,July,27,6,Saturday,True,False
20230709,2023-07-09,2023,3,7,July,27,7,Sunday,True,False
20230710,2023-07-10,2023,3,7,July,28,1,Monday,False,True
20230711,2023-07-11,2023,3,7,July,28,2,Tuesday,False,True
20230712,2023-07-12,2023,3,7,July,28,3,Wednesday,False,True
20230713,2023-07-13,2023,3,7,July,28,4,Thursday,False,True
20230714,2023-07-14,2023,3,7,July,28,5,Friday,False,True
20230715,2023-07-15,2023,3,7,July,28,6,Saturday,True,False
20230716,2023-07-16,2023,3,7,July,28,7,Sunday,True,False
20230717,2023-07-17,2023,3,7,July,29,1,Monday,False,True
20230718,2023-07-18,2023,3,7,July,29,2,Tuesday,False,True
20230719,2023-07-19,2023,3,7,July,29,3,Wednesday,False,True
20230720,2023-07-20,2023,3,7,July,29,4,Thursday,False,True
20230721,2023-07-21,2023,3,7,July,29,5,Friday,False,True
20230722,2023-07-22,2023,3,7,July,29,6,Saturday,True,False
20230723,2023-07-23,2023,3,7,July,29,7,Sunday,True,False
20230724,2023-07-24,2023,3,7,July,30,1,Monday,False,True
20230725,2023-07-25,2023,3,7,July,30,2,Tuesday,False,True
20230726,2023-07-26,2023,3,7,July,30,3,Wednesday,False,True
20230727,2023-07-27,2023,3,7,July,30,4,Thursday,False,True
20230728,2023-07-28,2023,3,7,July,30,5,Friday,False,True
20230729,2023-07-29,2023,3,7,July,30,6,Saturday,True,False
20230730,2023-07-30,2023,3,7,July,30,7,Sunday,True,False
20230731,2023-07-31,2023,3,7,July,31,1,Monday,False,True
20230801,2023-08-01,2023,3,8,August,31,2,Tuesday,False,True
20230802,2023-08-02,2023,3,8,August,31,3,Wednesday,False,True
20230803,2023-08-03,2023,3,8,August,31,4,Thursday,False,True
20230804,2023-08-04,2023,3,8,August,31,5,Friday,False,True
20230805,2023-08-05,2023,3,8,August,31,6,Saturday,True,False
20230806,2023-08-06,2023,3,8,August,31,7,Sunday,True,False
20230807,2023-08-07,2023,3,8,August,32,1,Monday,False,True
20230808,2023-08-08,2023,3,8,August,32,2,Tuesday,False,True
20230809,2023-08-09,2023,3,8,August,32,3,Wednesday,False,True
20230810,2023-08-10,2023,3,8,August,32,4,Thursday,False,True
20230811,2023-08-11,2023,3,8,August,32,5,Friday,False,True
20230812,2023-08-12,2023,3,8,August,32,6,Saturday,True,False
20230813,2023-08-13,2023,3,8,August,32,7,Sunday,True,False
20230814,2023-08-14,2023,3,8,August,33,1,Monday,False,True
20230815,2023-08-15,2023,3,8,August,33,2,Tuesday,False,True
20230816,2023-08-16,2023,3,8,August,33,3,Wednesday,False,True
20230817,2023-08-17,2023,3,8,August,33,4,Thursday,False,True
20230818,2023-08-18,2023,3,8,August,33,5,Friday,False,True
20230819,2023-08-19,2023,3,8,August,33,6,Saturday,True,False
20230820,2023-08-20,2023,3,8,August,33,7,Sunday,True,False
20230821,2023-08-21,2023,3,8,August,34,1,Monday,False,True
20230822,2023-08-22,2023,3,8,August,34,2,Tuesday,False,True
20230823,2023-08-23,2023,3,8,August,34,3,Wednesday,False,True
20230824,2023-08-24,2023,3,8,August,34,4,Thursday,False,True
20230825,2023-08-25,2023,3,8,August,34,5,Friday,False,True
20230826,2023-08-26,2023,3,8,August,34,6,Saturday,True,False
20230827,2023-08-27,2023,3,8,August,34,7,Sunday,True,False
20230828,2023-08-28,2023,3,8,August,35,1,Monday,False,True
20230829,2023-08-29,2023,3,8,August,35,2,Tuesday,False,True
20230830,2023-08-30,2023,3,8,August,35,3,Wednesday,False,True
20230831,2023-08-31,2023,3,8,August,35,4,Thursday,False,True
20230901,2023-09-01,2023,3,9,September,35,5,Friday,False,True
20230902,2023-09-02,2023,3,9,September,35,6,Saturday,True,False
20230903,2023-09-03,2023,3,9,September,35,7,Sunday,True,False
20230904,2023-09-04,2023,3,9,September,36,1,Monday,False,True
20230905,2023-09-05,2023,3,9,September,36,2,Tuesday,False,True
20230906,2023-09-06,2023,3,9,September,36,3,Wednesday,False,True
20230907,2023-09-07,2023,3,9,September,36,4,Thursday,False,False
20230908,2023-09-08,2023,3,9,September,36,5,Friday,False,True
20230909,2023-09-09,2023,3,9,September,36,6,Saturday,True,False
20230910,2023-09-10,2023,3,9,September,36,7,Sunday,True,False
20230911,2023-09-11,2023,3,9,September,37,1,Monday,False,True
20230912,2023-09-12,2023,3,9,September,37,2,Tuesday,False,True
20230913,2023-09-13,2023,3,9,September,37,3,Wednesday,False,True
20230914,2023-09-14,2023,3,9,September,37,4,Thursday,False,True
20230915,2023-09-15,2023,3,9,September,37,5,Friday,False,True
20230916,2023-09-16,2023,3,9,September,37,6,Saturday,True,False
20230917,2023-09-17,2023,3,9,September,37,7,Sunday,True,False
20230918,2023-09-18,2023,3,9,September,38,1,Monday,False,True
20230919,2023-09-19,2023,3,9,September,38,2,Tuesday,False,True
20230920,2023-09-20,2023,3,9,September,38,3,Wednesday,False,True
20230921,2023-09-21,2023,3,9,September,38,4,Thursday,False,True
20230922,2023-09-22,2023,3,9,September,38,5,Friday,False,True
20230923,2023-09-23,2023,3,9,September,38,6,Saturday,True,False
20230924,2023-09-24,2023,3,9,September,38,7,Sunday,True,False
20230925,2023-09-25,2023,3,9,September,39,1,Monday,False,True
20230926,2023-09-26,2023,3,9,September,39,2,Tuesday,False,True
20230927,2023-09-27,2023,3,9,September,39,3,Wednesday,False,True
20230928,2023-09-28,2023,3,9,September,39,4,Thursday,False,True
20230929,2023-09-29,2023,3,9,September,39,5,Friday,False,True
20230930,2023-09-30,2023,3,9,September,39,6,Saturday,True,False
20231001,2023-10-01,2023,4,10,October,39,7,Sunday,True,False
20231002,2023-10-02,2023,4,10,October,40,1,Monday,False,True
20231003,2023-10-03,2023,4,10,October,40,2,Tuesday,False,True
20231004,2023-10-04,2023,4,10,October,40,3,Wednesday,False,True
20231005,2023-10-05,2023,4,10,October,40,4,Thursday,False,True
20231006,2023-10-06,2023,4,10,October,40,5,Friday,False,True
20231007,2023-10-07,2023,4,10,October,40,6,Saturday,True,False
20231008,2023-10-08,2023,4,10,October,40,7,Sunday,True,False
20231009,2023-10-09,2023,4,10,October,41,1,Monday,False,True
20231010,2023-10-10,2023,4,10,October,41,2,Tuesday,False,True
20231011,2023-10-11,2023,4,10,October,41,3,Wednesday,False,True
20231012,2023-10-12,2023,4,10,October,41,4,Thursday,False,False
20231013,2023-10-13,2023,4,10,October,41,5,Friday,False,True
20231014,2023-10-14,2023,4,10,October,41,6,Saturday,True,False
20231015,2023-10-15,2023,4,10,October,41,7,Sunday,True,False
20231016,2023-10-16,2023,4,10,October,42,1,Monday,False,True
20231017,2023-10-17,2023,4,10,October,42,2,Tuesday,False,True
20231018,2023-10-18,2023,4,10,October,42,3,Wednesday,False,True
20231019,2023-10-19,2023,4,10,October,42,4,Thursday,False,True
20231020,2023-10-20,2023,4,10,October,42,5,Friday,False,True
20231021,2023-10-21,2023,4,10,October,42,6,Saturday,True,False
20231022,2023-10-22,2023,4,10,October,42,7,Sunday,True,False
20231023,2023-10-23,2023,4,10,October,43,1,Monday,False,True
20231024,2023-10-24,2023,4,10,October,43,2,Tuesday,False,True
20231025,2023-10-25,2023,4,10,October,43,3,Wednesday,False,True
20231026,2023-10-26,2023,4,10,October,43,4,Thursday,False,True
20231027,2023-10-27,2023,4,10,October,43,5,Friday,False,True
20231028,2023-10-28,2023,4,10,October,43,6,Saturday,True,False
20231029,2023-10-29,2023,4,10,October,43,7,Sunday,True,False
20231030,2023-10-30,2023,4,10,October,44,1,Monday,False,True
20231031,2023-10-31,2023,4,10,October,44,2,Tuesday,False,True
20231101,2023-11-01,2023,4,11,November,44,3,Wednesday,False,True
20231102,2023-11-02,2023,4,11,November,44,4,Thursday,False,False
20231103,2023-11-03,2023,4,11,November,44,5,Friday,False,True
20231104,2023-11-04,2023,4,11,November,44,6,Saturday,True,False
20231105,2023-11-05,2023,4,11,November,44,7,Sunday,True,False
20231106,2023-11-06,2023,4,11,November,45,1,Monday,False,True
20231107,2023-11-07,2023,4,11,November,45,2,Tuesday,False,True
20231108,2023-11-08,2023,4,11,November,45,3,Wednesday,False,True
20231109,2023-11-09,2023,4,11,November,45,4,Thursday,False,True
20231110,2023-11-10,2023,4,11,November,45,5,Friday,False,True
20231111,2023-11-11,2023,4,11,November,45,6,Saturday,True,False
20231112,2023-11-12,2023,4,11,November,45,7,Sunday,True,False
20231113,2023-11-13,2023,4,11,November,46,1,Monday,False,True
20231114,2023-11-14,2023,4,11,November,46,2,Tuesday,False,True
20231115,2023-11-15,2023,4,11,November,46,3,Wednesday,False,False
20231116,2023-11-16,2023,4,11,November,46,4,Thursday,False,True
20231117,2023-11-17,2023,4,11,November,46,5,Friday,False,True
20231118,2023-11-18,2023,4,11,November,46,6,Saturday,True,False
20231119,2023-11-19,2023,4,11,November,46,7,Sunday,True,False
20231120,2023-11-20,2023,4,11,November,47,1,Monday,False,True
20231121,2023-11-21,2023,4,11,November,47,2,Tuesday,False,True
20231122,2023-11-22,2023,4,11,November,47,3,Wednesday,False,True
20231123,2023-11-23,2023,4,11,November,47,4,Thursday,False,True
20231124,2023-11-24,2023,4,11,November,47,5,Friday,False,True
20231125,2023-11-25,2023,4,11,November,47,6,Saturday,True,False
20231126,2023-11-26,2023,4,11,November,47,7,Sunday,True,False
20231127,2023-11-27,2023,4,11,November,48,1,Monday,False,True
20231128,2023-11-28,2023,4,11,November,48,2,Tuesday,False,True
20231129,2023-11-29,2023,4,11,November,48,3,Wednesday,False,True
20231130,2023-11-30,2023,4,11,November,48,4,Thursday,False,True
20231201,2023-12-01,2023,4,12,December,48,5,Friday,False,True
20231202,2023-12-02,2023,4,12,December,48,6,Saturday,True,False
20231203,2023-12-03,2023,4,12,December,48,7,Sunday,True,False
20231204,2023-12-04,2023,4,12,December,49,1,Monday,False,True
20231205,2023-12-05,2023,4,12,December,49,2,Tuesday,False,True
20231206,2023-12-06,2023,4,12,December,49,3,Wednesday,False,True
20231207,2023-12-07,2023,4,12,December,49,4,Thursday,False,True
20231208,2023-12-08,2023,4,12,December,49,5,Friday,False,True
20231209,2023-12-09,2023,4,12,December,49,6,Saturday,True,False
20231210,2023-12-10,2023,4,12,December,49,7,Sunday,True,False
20231211,2023-12-11,2023,4,12,December,50,1,Monday,False,True
20231212,2023-12-12,2023,4,12,December,50,2,Tuesday,False,True
20231213,2023-12-13,2023,4,12,December,50,3,Wednesday,False,True
20231214,2023-12-14,2023,4,12,December,50,4,Thursday,False,True
20231215,2023-12-15,2023,4,12,December,50,5,Friday,False,True
20231216,2023-12-16,2023,4,12,December,50,6,Saturday,True,False
20231217,2023-12-17,2023,4,12,December,50,7,Sunday,True,False
20231218,2023-12-18,2023,4,12,December,51,1,Monday,False,True
20231219,2023-12-19,2023,4,12,December,51,2,Tuesday,False,True
20231220,2023-12-20,2023,4,12,December,51,3,Wednesday,False,True
20231221,2023-12-21,2023,4,12,December,51,4,Thursday,False,True
20231222,2023-12-22,2023,4,12,December,51,5,Friday,False,True
20231223,2023-12-23,2023,4,12,December,51,6,Saturday,True,False
20231224,2023-12-24,2023,4,12,December,51,7,Sunday,True,False
20231225,2023-12-25,2023,4,12,December,52,1,Monday,False,False
20231226,2023-12-26,2023,4,12,December,52,2,Tuesday,False,True
20231227,2023-12-27,2023,4,12,December,52,3,Wednesday,False,True
20231228,2023-12-28,2023,4,12,December,52,4,Thursday,False,True
20231229,2023-12-29,2023,4,12,December,52,5,Friday,False,True
20231230,2023-12-30,2023,4,12,December,52,6,Saturday,True,False
20231231,2023-12-31,2023,4,12,December,52,7,Sunday,True,False
20240101,2024-01-01,2024,1,1,January,1,1,Monday,False,False
20240102,2024-01-02,2024,1,1,January,1,2,Tuesday,False,True
20240103,2024-01-03,2024,1,1,January,1,3,Wednesday,False,True
20240104,2024-01-04,2024,1,1,January,1,4,Thursday,False,True
20240105,2024-01-05,2024,1,1,January,1,5,Friday,False,True
20240106,2024-01-06,2024,1,1,January,1,6,Saturday,True,False
20240107,2024-01-07,2024,1,1,January,1,7,Sunday,True,False
20240108,2024-01-08,2024,1,1,January,2,1,Monday,False,True
20240109,2024-01-09,2024,1,1,January,2,2,Tuesday,False,True
20240110,2024-01-10,2024,1,1,January,2,3,Wednesday,False,True
20240111,2024-01-11,2024,1,1,January,2,4,Thursday,False,True
20240112,2024-01-12,2024,1,1,January,2,5,Friday,False,True
20240113,2024-01-13,2024,1,1,January,2,6,Saturday,True,False
20240114,2024-01-14,2024,1,1,January,2,7,Sunday,True,False
20240115,2024-01-15,2024,1,1,January,3,1,Monday,False,True
20240116,2024-01-16,2024,1,1,January,3,2,Tuesday,False,True
20240117,2024-01-17,2024,1,1,January,3,3,Wednesday,False,True
20240118,2024-01-18,2024,1,1,January,3,4,Thursday,False,True
20240119,2024-01-19,2024,1,1,January,3,5,Friday,False,True
20240120,2024-01-20,2024,1,1,January,3,6,Saturday,True,False
20240121,2024-01-21,2024,1,1,January,3,7,Sunday,True,False
20240122,2024-01-22,2024,1,1,January,4,1,Monday,False,True
20240123,2024-01-23,2024,1,1,January,4,2,Tuesday,False,True
20240124,2024-01-24,2024,1,1,January,4,3,Wednesday,False,True
20240125,2024-01-25,2024,1,1,January,4,4,Thursday,False,True
20240126,2024-01-26,2024,1,1,January,4,5,Friday,False,True
20240127,2024-01-27,2024,1,1,January,4,6,Saturday,True,False
20240128,2024-01-28,2024,1,1,January,4,7,Sunday,True,False
20240129,2024-01-29,2024,1,1,January,5,1,Monday,False,True
20240130,2024-01-30,2024,1,1,January,5,2,Tuesday,False,True
20240131,2024-01-31,2024,1,1,January,5,3,Wednesday,False,True
20240201,2024-02-01,2024,1,2,February,5,4,Thursday,False,True
20240202,2024-02-02,2024,1,2,February,5,5,Friday,False,True
20240203,2024-02-03,2024,1,2,February,5,6,Saturday,True,False
20240204,2024-02-04,2024,1,2,February,5,7,Sunday,True,False
20240205,2024-02-05,2024,1,2,February,6,1,Monday,False,True
20240206,2024-02-06,2024,1,2,February,6,2,Tuesday,False,True
20240207,2024-02-07,2024,1,2,February,6,3,Wednesday,False,True
20240208,2024-02-08,2024,1,2,February,6,4,Thursday,False,True
20240209,2024-02-09,2024,1,2,February,6,5,Friday,False,True
20240210,2024-02-10,2024,1,2,February,6,6,Saturday,True,False
20240211,2024-02-11,2024,1,2,February,6,7,Sunday,True,False
20240212,2024-02-12,2024,1,2,February,7,1,Monday,False,False
20240213,2024-02-13,2024,1,2,February,7,2,Tuesday,False,False
20240214,2024-02-14,2024,1,2,February,7,3,Wednesday,False,True
20240215,2024-02-15,2024,1,2,February,7,4,Thursday,False,True
20240216,2024-02-16,2024,1,2,February,7,5,Friday,False,True
20240217,2024-02-17,2024,1,2,February,7,6,Saturday,True,False
20240218,2024-02-18,2024,1,2,February,7,7,Sunday,True,False
20240219,2024-02-19,2024,1,2,February,8,1,Monday,False,True
20240220,2024-02-20,2024,1,2,February,8,2,Tuesday,False,True
20240221,2024-02-21,2024,1,2,February,8,3,Wednesday,False,True
20240222,2024-02-22,2024,1,2,February,8,4,Thursday,False,True
20240223,2024-02-23,2024,1,2,February,8,5,Friday,False,True
20240224,2024-02-24,2024,1,2,February,8,6,Saturday,True,False
20240225,2024-02-25,2024,1,2,February,8,7,Sunday,True,False
20240226,2024-02-26,2024,1,2,February,9,1,Monday,False,True
20240227,2024-02-27,2024,1,2,February,9,2,Tuesday,False,True
20240228,2024-02-28,2024,1,2,February,9,3,Wednesday,False,True
20240229,2024-02-29,2024,1,2,February,9,4,Thursday,False,True
20240301,2024-03-01,2024,1,3,March,9,5,Friday,False,True
20240302,2024-03-02,2024,1,3,March,9,6,Saturday,True,False
20240303,2024-03-03,2024,1,3,March,9,7,Sunday,True,False
20240304,2024-03-04,2024,1,3,March,10,1,Monday,False,True
20240305,2024-03-05,2024,1,3,March,10,2,Tuesday,False,True
20240306,2024-03-06,2024,1,3,March,10,3,Wednesday,False,True
20240307,2024-03-07,2024,1,3,March,10,4,Thursday,False,True
20240308,2024-03-08,2024,1,3,March,10,5,Friday,False,True
20240309,2024-03-09,2024,1,3,March,10,6,Saturday,True,False
20240310,2024-03-10,2024,1,3,March,10,7,Sunday,True,False
20240311,2024-03-11,2024,1,3,March,11,1,Monday,False,True
20240312,2024-03-12,2024,1,3,March,11,2,Tuesday,False,True
20240313,2024-03-13,2024,1,3,March,11,3,Wednesday,False,True
20240314,2024-03-14,2024,1,3,March,11,4,Thursday,False,True
20240315,2024-03-15,2024,1,3,March,11,5,Friday,False,True
20240316,2024-03-16,2024,1,3,March,11,6,Saturday,True,False
20240317,2024-03-17,2024,1,3,March,11,7,Sunday,True,False
20240318,2024-03-18,2024,1,3,March,12,1,Monday,False,True
20240319,2024-03-19,2024,1,3,March,12,2,Tuesday,False,True
20240320,2024-03-20,2024,1,3,March,12,3,Wednesday,False,True
20240321,2024-03-21,2024,1,3,March,12,4,Thursday,False,True
20240322,2024-03-22,2024,1,3,March,12,5,Friday,False,True
20240323,2024-03-23,2024,1,3,March,12,6,Saturday,True,False
20240324,2024-03-24,2024,1,3,March,12,7,Sunday,True,False
20240325,2024-03-25,2024,1,3,March,13,1,Monday,False,True
20240326,2024-03-26,2024,1,3,March,13,2,Tuesday,False,True
20240327,2024-03-27,2024,1,3,March,13,3,Wednesday,False,True
20240328,2024-03-28,2024,1,3,March,13,4,Thursday,False,True
20240329,2024-03-29,2024,1,3,March,13,5,Friday,False,False
20240330,2024-03-30,2024,1,3,March,13,6,Saturday,True,False
20240331,2024-03-31,2024,1,3,March,13,7,Sunday,True,False
20240401,2024-04-01,2024,2,4,April,14,1,Monday,False,True
20240402,2024-04-02,2024,2,4,April,14,2,Tuesday,False,True
20240403,2024-04-03,2024,2,4,April,14,3,Wednesday,False,True
20240404,2024-04-04,2024,2,4,April,14,4,Thursday,False,True
20240405,2024-04-05,2024,2,4,April,14,5,Friday,False,True
20240406,2024-04-06,2024,2,4,April,14,6,Saturday,True,False
20240407,2024-04-07,2024,2,4,April,14,7,Sunday,True,False
20240408,2024-04-08,2024,2,4,April,15,1,Monday,False,True
20240409,2024-04-09,2024,2,4,April,15,2,Tuesday,False,True
20240410,2024-04-10,2024,2,4,April,15,3,Wednesday,False,True
20240411,2024-04-11,2024,2,4,April,15,4,Thursday,False,True
20240412,2024-04-12,2024,2,4,April,15,5,Friday,False,True
20240413,2024-04-13,2024,2,4,April,15,6,Saturday,True,False
20240414,2024-04-14,2024,2,4,April,15,7,Sunday,True,False
20240415,2024-04-15,2024,2,4,April,16,1,Monday,False,True
20240416,2024-04-16,2024,2,4,April,16,2,Tuesday,False,True
20240417,2024-04-17,2024,2,4,April,16,3,Wednesday,False,True
20240418,2024-04-18,2024,2,4,April,16,4,Thursday,False,True
20240419,2024-04-19,2024,2,4,April,16,5,Friday,False,True
20240420,2024-04-20,2024,2,4,April,16,6,Saturday,True,False
20240421,2024-04-21,2024,2,4,April,16,7,Sunday,True,False
20240422,2024-04-22,2024,2,4,April,17,1,Monday,False,True
20240423,2024-04-23,2024,2,4,April,17,2,Tuesday,False,True
20240424,2024-04-24,2024,2,4,April,17,3,Wednesday,False,True
20240425,2024-04-25,2024,2,4,April,17,4,Thursday,False,True
20240426,2024-04-26,2024,2,4,April,17,5,Friday,False,True
20240427,2024-04-27,2024,2,4,April,17,6,Saturday,True,False
20240428,2024-04-28,2024,2,4,April,17,7,Sunday,True,False
20240429,2024-04-29,2024,2,4,April,18,1,Monday,False,True
20240430,2024-04-30,2024,2,4,April,18,2,Tuesday,False,True
20240501,2024-05-01,2024,2,5,May,18,3,Wednesday,False,False
20240502,2024-05-02,2024,2,5,May,18,4,Thursday,False,True
20240503,2024-05-03,2024,2,5,May,18,5,Friday,False,True
20240504,2024-05-04,2024,2,5,May,18,6,Saturday,True,False
20240505,2024-05-05,2024,2,5,May,18,7,Sunday,True,False
20240506,2024-05-06,2024,2,5,May,19,1,Monday,False,True
20240507,2024-05-07,2024,2,5,May,19,2,Tuesday,False,True
20240508,2024-05-08,2024,2,5,May,19,3,Wednesday,False,True
20240509,2024-05-09,2024,2,5,May,19,4,Thursday,False,True
20240510,2024-05-10,2024,2,5,May,19,5,Friday,False,True
20240511,2024-05-11,2024,2,5,May,19,6,Saturday,True,False
20240512,2024-05-12,2024,2,5,May,19,7,Sunday,True,False
20240513,2024-05-13,2024,2,5,May,20,1,Monday,False,True
20240514,2024-05-14,2024,2,5,May,20,2,Tuesday,False,True
20240515,2024-05-15,2024,2,5,May,20,3,Wednesday,False,True
20240516,2024-05-16,2024,2,5,May,20,4,Thursday,False,True
20240517,2024-05-17,2024,2,5,May,20,5,Friday,False,True
20240518,2024-05-18,2024,2,5,May,20,6,Saturday,True,False
20240519,2024-05-19,2024,2,5,May,20,7,Sunday,True,False
20240520,2024-05-20,2024,2,5,May,21,1,Monday,False,True
20240521,2024-05-21,2024,2,5,May,21,2,Tuesday,False,True
20240522,2024-05-22,2024,2,5,May,21,3,Wednesday,False,True
20240523,2024-05-23,2024,2,5,May,21,4,Thursday,False,True
20240524,2024-05-24,2024,2,5,May,21,5,Friday,False,True
20240525,2024-05-25,2024,2,5,May,21,6,Saturday,True,False
20240526,2024-05-26,2024,2,5,May,21,7,Sunday,True,False
20240527,2024-05-27,2024,2,5,May,22,1,Monday,False,True
20240528,2024-05-28,2024,2,5,May,22,2,Tuesday,False,True
20240529,2024-05-29,2024,2,5,May,22,3,Wednesday,False,True
20240530,2024-05-30,2024,2,5,May,22,4,Thursday,False,False
20240531,2024-05-31,2024,2,5,May,22,5,Friday,False,True
20240601,2024-06-01,2024,2,6,June,22,6,Saturday,True,False
20240602,2024-06-02,2024,2,6,June,22,7,Sunday,True,False
20240603,2024-06-03,2024,2,6,June,23,1,Monday,False,True
20240604,2024-06-04,2024,2,6,June,23,2,Tuesday,False,True
20240605,2024-06-05,2024,2,6,June,23,3,Wednesday,False,True
20240606,2024-06-06,2024,2,6,June,23,4,Thursday,False,True
20240607,2024-06-07,2024,2,6,June,23,5,Friday,False,True
20240608,2024-06-08,2024,2,6,June,23,6,Saturday,True,False
20240609,2024-06-09,2024,2,6,June,23,7,Sunday,True,False
20240610,2024-06-10,2024,2,6,June,24,1,Monday,False,True
20240611,2024-06-11,2024,2,6,June,24,2,Tuesday,False,True
20240612,2024-06-12,2024,2,6,June,24,3,Wednesday,False,True
20240613,2024-06-13,2024,2,6,June,24,4,Thursday,False,True
20240614,2024-06-14,2024,2,6,June,24,5,Friday,False,True
20240615,2024-06-15,2024,2,6,June,24,6,Saturday,True,False
20240616,2024-06-16,2024,2,6,June,24,7,Sunday,True,False
20240617,2024-06-17,2024,2,6,June,25,1,Monday,False,True
20240618,2024-06-18,2024,2,6,June,25,2,Tuesday,False,True
20240619,2024-06-19,2024,2,6,June,25,3,Wednesday,False,True
20240620,2024-06-20,2024,2,6,June,25,4,Thursday,False,True
20240621,2024-06-21,2024,2,6,June,25,5,Friday,False,True
20240622,2024-06-22,2024,2,6,June,25,6,Saturday,True,False
20240623,2024-06-23,2024,2,6,June,25,7,Sunday,True,False
20240624,2024-06-24,2024,2,6,June,26,1,Monday,False,True
20240625,2024-06-25,2024,2,6,June,26,2,Tuesday,False,True
20240626,2024-06-26,2024,2,6,June,26,3,Wednesday,False,True
20240627,2024-06-27,2024,2,6,June,26,4,Thursday,False,True
20240628,2024-06-28,2024,2,6,June,26,5,Friday,False,True
20240629,2024-06-29,2024,2,6,June,26,6,Saturday,True,False
20240630,2024-06-30,2024,2,6,June,26,7,Sunday,True,False
20240701,2024-07-01,2024,3,7,July,27,1,Monday,False,True
20240702,2024-07-02,2024,3,7,July,27,2,Tuesday,False,True
20240703,2024-07-03,2024,3,7,July,27,3,Wednesday,False,True
20240704,2024-07-04,2024,3,7,July,27,4,Thursday,False,True
20240705,2024-07-05,2024,3,7,July,27,5,Friday,False,True
20240706,2024-07-06,2024,3,7,July,27,6,Saturday,True,False
20240707,2024-07-07,2024,3,7,July,27,7,Sunday,True,False
20240708,2024-07-08,2024,3,7,July,28,1,Monday,False,True
20240709,2024-07-09,2024,3,7,July,28,2,Tuesday,False,True
20240710,2024-07-10,2024,3,7,July,28,3,Wednesday,False,True
20240711,2024-07-11,2024,3,7,July,28,4,Thursday,False,True
20240712,2024-07-12,2024,3,7,July,28,5,Friday,False,True
20240713,2024-07-13,2024,3,7,July,28,6,Saturday,True,False
20240714,2024-07-14,2024,3,7,July,28,7,Sunday,True,False
20240715,2024-07-15,2024,3,7,July,29,1,Monday,False,True
20240716,2024-07-16,2024,3,7,July,29,2,Tuesday,False,True
20240717,2024-07-17,2024,3,7,July,29,3,Wednesday,False,True
20240718,2024-07-18,2024,3,7,July,29,4,Thursday,False,True
20240719,2024-07-19,2024,3,7,July,29,5,Friday,False,True
20240720,2024-07-20,2024,3,7,July,29,6,Saturday,True,False
20240721,2024-07-21,2024,3,7,July,29,7,Sunday,True,False
20240722,2024-07-22,2024,3,7,July,30,1,Monday,False,True
20240723,2024-07-23,2024,3,7,July,30,2,Tuesday,False,True
20240724,2024-07-24,2024,3,7,July,30,3,Wednesday,False,True
20240725,2024-07-25,2024,3,7,July,30,4,Thursday,False,True
20240726,2024-07-26,2024,3,7,July,30,5,Friday,False,True
20240727,2024-07-27,2024,3,7,July,30,6,Saturday,True,False
20240728,2024-07-28,2024,3,7,July,30,7,Sunday,True,False
20240729,2024-07-29,2024,3,7,July,31,1,Monday,False,True
20240730,2024-07-30,2024,3,7,July,31,2,Tuesday,False,True
20240731,2024-07-31,2024,3,7,July,31,3,Wednesday,False,True
20240801,2024-08-01,2024,3,8,August,31,4,Thursday,False,True
20240802,2024-08-02,2024,3,8,August,31,5,Friday,False,True
20240803,2024-08-03,2024,3,8,August,31,6,Saturday,True,False
20240804,2024-08-04,2024,3,8,August,31,7,Sunday,True,False
20240805,2024-08-05,2024,3,8,August,32,1,Monday,False,True
20240806,2024-08-06,2024,3,8,August,32,2,Tuesday,False,True
20240807,2024-08-07,2024,3,8,August,32,3,Wednesday,False,True
20240808,2024-08-08,2024,3,8,August,32,4,Thursday,False,True
20240809,2024-08-09,2024,3,8,August,32,5,Friday,False,True
20240810,2024-08-10,2024,3,8,August,32,6,Saturday,True,False
20240811,2024-08-11,2024,3,8,August,32,7,Sunday,True,False
20240812,2024-08-12,2024,3,8,August,33,1,Monday,False,True
20240813,2024-08-13,2024,3,8,August,33,2,Tuesday,False,True
20240814,2024-08-14,2024,3,8,August,33,3,Wednesday,False,True
20240815,2024-08-15,2024,3,8,August,33,4,Thursday,False,True
20240816,2024-08-16,2024,3,8,August,33,5,Friday,False,True
20240817,2024-08-17,2024,3,8,August,33,6,Saturday,True,False
20240818,2024-08-18,2024,3,8,August,33,7,Sunday,True,False
20240819,2024-08-19,2024,3,8,August,34,1,Monday,False,True
20240820,2024-08-20,2024,3,8,August,34,2,Tuesday,False,True
20240821,2024-08-21,2024,3,8,August,34,3,Wednesday,False,True
20240822,2024-08-22,2024,3,8,August,34,4,Thursday,False,True
20240823,2024-08-23,2024,3,8,August,34,5,Friday,False,True
20240824,2024-08-24,2024,3,8,August,34,6,Saturday,True,False
20240825,2024-08-25,2024,3,8,August,34,7,Sunday,True,False
20240826,2024-08-26,2024,3,8,August,35,1,Monday,False,True
20240827,2024-08-27,2024,3,8,August,35,2,Tuesday,False,True
20240828,2024-08-28,2024,3,8,August,35,3,Wednesday,False,True
20240829,2024-08-29,2024,3,8,August,35,4,Thursday,False,True
20240830,2024-08-30,2024,3,8,August,35,5,Friday,False,True
20240831,2024-08-31,2024,3,8,August,35,6,Saturday,True,False
20240901,2024-09-01,2024,3,9,September,35,7,Sunday,True,False
20240902,2024-09-02,2024,3,9,September,36,1,Monday,False,True
20240903,2024-09-03,2024,3,9,September,36,2,Tuesday,False,True
20240904,2024-09-04,2024,3,9,September,36,3,Wednesday,False,True
20240905,2024-09-05,2024,3,9,September,36,4,Thursday,False,True
20240906,2024-09-06,2024,3,9,September,36,5,Friday,False,True
20240907,2024-09-07,2024,3,9,September,36,6,Saturday,True,False
20240908,2024-09-08,2024,3,9,September,36,7,Sunday,True,False
20240909,2024-09-09,2024,3,9,September,37,1,Monday,False,True
20240910,2024-09-10,2024,3,9,September,37,2,Tuesday,False,True
20240911,2024-09-11,2024,3,9,September,37,3,Wednesday,False,True
20240912,2024-09-12,2024,3,9,September,37,4,Thursday,False,True
20240913,2024-09-13,2024,3,9,September,37,5,Friday,False,True
20240914,2024-09-14,2024,3,9,September,37,6,Saturday,True,False
20240915,2024-09-15,2024,3,9,September,37,7,Sunday,True,False
20240916,2024-09-16,2024,3,9,September,38,1,Monday,False,True
20240917,2024-09-17,2024,3,9,September,38,2,Tuesday,False,True
20240918,2024-09-18,2024,3,9,September,38,3,Wednesday,False,True
20240919,2024-09-19,2024,3,9,September,38,4,Thursday,False,True
20240920,2024-09-20,2024,3,9,September,38,5,Friday,False,True
20240921,2024-09-21,2024,3,9,September,38,6,Saturday,True,False
20240922,2024-09-22,2024,3,9,September,38,7,Sunday,True,False
20240923,2024-09-23,2024,3,9,September,39,1,Monday,False,True
20240924,2024-09-24,2024,3,9,September,39,2,Tuesday,False,True
20240925,2024-09-25,2024,3,9,September,39,3,Wednesday,False,True
20240926,2024-09-26,2024,3,9,September,39,4,Thursday,False,True
20240927,2024-09-27,2024,3,9,September,39,5,Friday,False,True
20240928,2024-09-28,2024,3,9,September,39,6,Saturday,True,False
20240929,2024-09-29,2024,3,9,September,39,7,Sunday,True,False
20240930,2024-09-30,2024,3,9,September,40,1,Monday,False,True
20241001,2024-10-01,2024,4,10,October,40,2,Tuesday,False,True
20241002,2024-10-02,2024,4,10,October,40,3,Wednesday,False,True
20241003,2024-10-03,2024,4,10,October,40,4,Thursday,False,True
20241004,2024-10-04,2024,4,10,October,40,5,Friday,False,True
20241005,2024-10-05,2024,4,10,October,40,6,Saturday,True,False
20241006,2024-10-06,2024,4,10,October,40,7,Sunday,True,False
20241007,2024-10-07,2024,4,10,October,41,1,Monday,False,True
20241008,2024-10-08,2024,4,10,October,41,2,Tuesday,False,True
20241009,2024-10-09,2024,4,10,October,41,3,Wednesday,False,True
20241010,2024-10-10,2024,4,10,October,41,4,Thursday,False,True
20241011,2024-10-11,2024,4,10,October,41,5,Friday,False,True
20241012,2024-10-12,2024,4,10,October,41,6,Saturday,True,False
20241013,2024-10-13,2024,4,10,October,41,7,Sunday,True,False
20241014,2024-10-14,2024,4,10,October,42,1,Monday,False,True
20241015,2024-10-15,2024,4,10,October,42,2,Tuesday,False,True
20241016,2024-10-16,2024,4,10,October,42,3,Wednesday,False,True
20241017,2024-10-17,2024,4,10,October,42,4,Thursday,False,True
20241018,2024-10-18,2024,4,10,October,42,5,Friday,False,True
20241019,2024-10-19,2024,4,10,October,42,6,Saturday,True,False
20241020,2024-10-20,2024,4,10,October,42,7,Sunday,True,False
20241021,2024-10-21,2024,4,10,October,43,1,Monday,False,True
20241022,2024-10-22,2024,4,10,October,43,2,Tuesday,False,True
20241023,2024-10-23,2024,4,10,October,43,3,Wednesday,False,True
20241024,2024-10-24,2024,4,10,October,43,4,Thursday,False,True
20241025,2024-10-25,2024,4,10,October,43,5,Friday,False,True
20241026,2024-10-26,2024,4,10,October,43,6,Saturday,True,False
20241027,2024-10-27,2024,4,10,October,43,7,Sunday,True,False
20241028,2024-10-28,2024,4,10,October,44,1,Monday,False,True
20241029,2024-10-29,2024,4,10,October,44,2,Tuesday,False,True
20241030,2024-10-30,2024,4,10,October,44,3,Wednesday,False,True
20241031,2024-10-31,2024,4,10,October,44,4,Thursday,False,True
20241101,2024-11-01,2024,4,11,November,44,5,Friday,False,True
20241102,2024-11-02,2024,4,11,November,44,6,Saturday,True,False
20241103,2024-11-03,2024,4,11,November,44,7,Sunday,True,False
20241104,2024-11-04,2024,4,11,November,45,1,Monday,False,True
20241105,2024-11-05,2024,4,11,November,45,2,Tuesday,False,True
20241106,2024-11-06,2024,4,11,November,45,3,Wednesday,False,True
20241107,2024-11-07,2024,4,11,November,45,4,Thursday,False,True
20241108,2024-11-08,2024,4,11,November,45,5,Friday,False,True
20241109,2024-11-09,2024,4,11,November,45,6,Saturday,True,False
20241110,2024-11-10,2024,4,11,November,45,7,Sunday,True,False
20241111,2024-11-11,2024,4,11,November,46,1,Monday,False,True
20241112,2024-11-12,2024,4,11,November,46,2,Tuesday,False,True
20241113,2024-11-13,2024,4,11,November,46,3,Wednesday,False,True
20241114,2024-11-14,2024,4,11,November,46,4,Thursday,False,True
20241115,2024-11-15,2024,4,11,November,46,5,Friday,False,False
20241116,2024-11-16,2024,4,11,November,46,6,Saturday,True,False
20241117,2024-11-17,2024,4,11,November,46,7,Sunday,True,False
20241118,2024-11-18,2024,4,11,November,47,1,Monday,False,True
20241119,2024-11-19,2024,4,11,November,47,2,Tuesday,False,True
20241120,2024-11-20,2024,4,11,November,47,3,Wednesday,False,True
20241121,2024-11-21,2024,4,11,November,47,4,Thursday,False,True
20241122,2024-11-22,2024,4,11,November,47,5,Friday,False,True
20241123,2024-11-23,2024,4,11,November,47,6,Saturday,True,False
20241124,2024-11-24,2024,4,11,November,47,7,Sunday,True,False
20241125,2024-11-25,2024,4,11,November,48,1,Monday,False,True
20241126,2024-11-26,2024,4,11,November,48,2,Tuesday,False,True
20241127,2024-11-27,2024,4,11,November,48,3,Wednesday,False,True
20241128,2024-11-28,2024,4,11,November,48,4,Thursday,False,True
20241129,2024-11-29,2024,4,11,November,48,5,Friday,False,True
20241130,2024-11-30,2024,4,11,November,48,6,Saturday,True,False
20241201,2024-12-01,2024,4,12,December,48,7,Sunday,True,False
20241202,2024-12-02,2024,4,12,December,49,1,Monday,False,True
20241203,2024-12-03,2024,4,12,December,49,2,Tuesday,False,True
20241204,2024-12-04,2024,4,12,December,49,3,Wednesday,False,True
20241205,2024-12-05,2024,4,12,December,49,4,Thursday,False,True
20241206,2024-12-06,2024,4,12,December,49,5,Friday,False,True
20241207,2024-12-07,2024,4,12,December,49,6,Saturday,True,False
20241208,2024-12-08,2024,4,12,December,49,7,Sunday,True,False
20241209,2024-12-09,2024,4,12,December,50,1,Monday,False,True
20241210,2024-12-10,2024,4,12,December,50,2,Tuesday,False,True
20241211,2024-12-11,2024,4,12,December,50,3,Wednesday,False,True
20241212,2024-12-12,2024,4,12,December,50,4,Thursday,False,True
20241213,2024-12-13,2024,4,12,December,50,5,Friday,False,True
20241214,2024-12-14,2024,4,12,December,50,6,Saturday,True,False
20241215,2024-12-15,2024,4,12,December,50,7,Sunday,True,False
20241216,2024-12-16,2024,4,12,December,51,1,Monday,False,True
20241217,2024-12-17,2024,4,12,December,51,2,Tuesday,False,True
20241218,2024-12-18,2024,4,12,December,51,3,Wednesday,False,True
20241219,2024-12-19,2024,4,12,December,51,4,Thursday,False,True
20241220,2024-12-20,2024,4,12,December,51,5,Friday,False,True
20241221,2024-12-21,2024,4,12,December,51,6,Saturday,True,False
20241222,2024-12-22,2024,4,12,December,51,7,Sunday,True,False
20241223,2024-12-23,2024,4,12,December,52,1,Monday,False,True
20241224,2024-12-24,2024,4,12,December,52,2,Tuesday,False,True
20241225,2024-12-25,2024,4,12,December,52,3,Wednesday,False,False
20241226,2024-12-26,2024,4,12,December,52,4,Thursday,False,True
20241227,2024-12-27,2024,4,12,December,52,5,Friday,False,True
20241228,2024-12-28,2024,4,12,December,52,6,Saturday,True,False
20241229,2024-12-29,2024,4,12,December,52,7,Sunday,True,False
20241230,2024-12-30,2024,4,12,December,1,1,Monday,False,True
20241231,2024-12-31,2024,4,12,December,1,2,Tuesday,False,True
20250101,2025-01-01,2025,1,1,January,1,3,Wednesday,False,False
20250102,2025-01-02,2025,1,1,January,1,4,Thursday,False,True
20250103,2025-01-03,2025,1,1,January,1,5,Friday,False,True
20250104,2025-01-04,2025,1,1,January,1,6,Saturday,True,False
20250105,2025-01-05,2025,1,1,January,1,7,Sunday,True,False
20250106,2025-01-06,2025,1,1,January,2,1,Monday,False,True
20250107,2025-01-07,2025,1,1,January,2,2,Tuesday,False,True
20250108,2025-01-08,2025,1,1,January,2,3,Wednesday,False,True
20250109,2025-01-09,2025,1,1,January,2,4,Thursday,False,True
20250110,2025-01-10,2025,1,1,January,2,5,Friday,False,True
20250111,2025-01-11,2025,1,1,January,2,6,Saturday,True,False
20250112,2025-01-12,2025,1,1,January,2,7,Sunday,True,False
20250113,2025-01-13,2025,1,1,January,3,1,Monday,False,True
20250114,2025-01-14,2025,1,1,January,3,2,Tuesday,False,True
20250115,2025-01-15,2025,1,1,January,3,3,Wednesday,False,True
20250116,2025-01-16,2025,1,1,January,3,4,Thursday,False,True
20250117,2025-01-17,2025,1,1,January,3,5,Friday,False,True
20250118,2025-01-18,2025,1,1,January,3,6,Saturday,True,False
20250119,2025-01-19,2025,1,1,January,3,7,Sunday,True,False
20250120,2025-01-20,2025,1,1,January,4,1,Monday,False,True
20250121,2025-01-21,2025,1,1,January,4,2,Tuesday,False,True
20250122,2025-01-22,2025,1,1,January,4,3,Wednesday,False,True
20250123,2025-01-23,2025,1,1,January,4,4,Thursday,False,True
20250124,2025-01-24,2025,1,1,January,4,5,Friday,False,True
20250125,2025-01-25,2025,1,1,January,4,6,Saturday,True,False
20250126,2025-01-26,2025,1,1,January,4,7,Sunday,True,False
20250127,2025-01-27,2025,1,1,January,5,1,Monday,False,True
20250128,2025-01-28,2025,1,1,January,5,2,Tuesday,False,True
20250129,2025-01-29,2025,1,1,January,5,3,Wednesday,False,True
20250130,2025-01-30,2025,1,1,January,5,4,Thursday,False,True
20250131,2025-01-31,2025,1,1,January,5,5,Friday,False,True
20250201,2025-02-01,2025,1,2,February,5,6,Saturday,True,False
20250202,2025-02-02,2025,1,2,February,5,7,Sunday,True,False
20250203,2025-02-03,2025,1,2,February,6,1,Monday,False,True
20250204,2025-02-04,2025,1,2,February,6,2,Tuesday,False,True
20250205,2025-02-05,2025,1,2,February,6,3,Wednesday,False,True
20250206,2025-02-06,2025,1,2,February,6,4,Thursday,False,True
20250207,2025-02-07,2025,1,2,February,6,5,Friday,False,True
20250208,2025-02-08,2025,1,2,February,6,6,Saturday,True,False
20250209,2025-02-09,2025,1,2,February,6,7,Sunday,True,False
20250210,2025-02-10,2025,1,2,February,7,1,Monday,False,True
20250211,2025-02-11,2025,1,2,February,7,2,Tuesday,False,True
20250212,2025-02-12,2025,1,2,February,7,3,Wednesday,False,True
20250213,2025-02-13,2025,1,2,February,7,4,Thursday,False,True
20250214,2025-02-14,2025,1,2,February,7,5,Friday,False,True
20250215,2025-02-15,2025,1,2,February,7,6,Saturday,True,False
20250216,2025-02-16,2025,1,2,February,7,7,Sunday,True,False
20250217,2025-02-17,2025,1,2,February,8,1,Monday,False,True
20250218,2025-02-18,2025,1,2,February,8,2,Tuesday,False,True
20250219,2025-02-19,2025,1,2,February,8,3,Wednesday,False,True
20250220,2025-02-20,2025,1,2,February,8,4,Thursday,False,True
20250221,2025-02-21,2025,1,2,February,8,5,Friday,False,True
20250222,2025-02-22,2025,1,2,February,8,6,Saturday,True,False
20250223,2025-02-23,2025,1,2,February,8,7,Sunday,True,False
20250224,2025-02-24,2025,1,2,February,9,1,Monday,False,True
20250225,2025-02-25,2025,1,2,February,9,2,Tuesday,False,True
20250226,2025-02-26,2025,1,2,February,9,3,Wednesday,False,True
20250227,2025-02-27,2025,1,2,February,9,4,Thursday,False,True
20250228,2025-02-28,2025,1,2,February,9,5,Friday,False,True
20250301,2025-03-01,2025,1,3,March,9,6,Saturday,True,False
20250302,2025-03-02,2025,1,3,March,9,7,Sunday,True,False
20250303,2025-03-03,2025,1,3,March,10,1,Monday,False,False
20250304,2025-03-04,2025,1,3,March,10,2,Tuesday,False,False
20250305,2025-03-05,2025,1,3,March,10,3,Wednesday,False,True
20250306,2025-03-06,2025,1,3,March,10,4,Thursday,False,True
20250307,2025-03-07,2025,1,3,March,10,5,Friday,False,True
20250308,2025-03-08,2025,1,3,March,10,6,Saturday,True,False
20250309,2025-03-09,2025,1,3,March,10,7,Sunday,True,False
20250310,2025-03-10,2025,1,3,March,11,1,Monday,False,True
20250311,2025-03-11,2025,1,3,March,11,2,Tuesday,False,True
20250312,2025-03-12,2025,1,3,March,11,3,Wednesday,False,True
20250313,2025-03-13,2025,1,3,March,11,4,Thursday,False,True
20250314,2025-03-14,2025,1,3,March,11,5,Friday,False,True
20250315,2025-03-15,2025,1,3,March,11,6,Saturday,True,False
20250316,2025-03-16,2025,1,3,March,11,7,Sunday,True,False
20250317,2025-03-17,2025,1,3,March,12,1,Monday,False,True
20250318,2025-03-18,2025,1,3,March,12,2,Tuesday,False,True
20250319,2025-03-19,2025,1,3,March,12,3,Wednesday,False,True
20250320,2025-03-20,2025,1,3,March,12,4,Thursday,False,True
20250321,2025-03-21,2025,1,3,March,12,5,Friday,False,True
20250322,2025-03-22,2025,1,3,March,12,6,Saturday,True,False
20250323,2025-03-23,2025,1,3,March,12,7,Sunday,True,False
20250324,2025-03-24,2025,1,3,March,13,1,Monday,False,True
20250325,2025-03-25,2025,1,3,March,13,2,Tuesday,False,True
20250326,2025-03-26,2025,1,3,March,13,3,Wednesday,False,True
20250327,2025-03-27,2025,1,3,March,13,4,Thursday,False,True
20250328,2025-03-28,2025,1,3,March,13,5,Friday,False,True
20250329,2025-03-29,2025,1,3,March,13,6,Saturday,True,False
20250330,2025-03-30,2025,1,3,March,13,7,Sunday,True,False
20250331,2025-03-31,2025,1,3,March,14,1,Monday,False,True
20250401,2025-04-01,2025,2,4,April,14,2,Tuesday,False,True
20250402,2025-04-02,2025,2,4,April,14,3,Wednesday,False,True
20250403,2025-04-03,2025,2,4,April,14,4,Thursday,False,True
20250404,2025-04-04,2025,2,4,April,14,5,Friday,False,True
20250405,2025-04-05,2025,2,4,April,14,6,Saturday,True,False
20250406,2025-04-06,2025,2,4,April,14,7,Sunday,True,False
20250407,2025-04-07,2025,2,4,April,15,1,Monday,False,True
20250408,2025-04-08,2025,2,4,April,15,2,Tuesday,False,True
20250409,2025-04-09,2025,2,4,April,15,3,Wednesday,False,True
20250410,2025-04-10,2025,2,4,April,15,4,Thursday,False,True
20250411,2025-04-11,2025,2,4,April,15,5,Friday,False,True
20250412,2025-04-12,2025,2,4,April,15,6,Saturday,True,False
20250413,2025-04-13,2025,2,4,April,15,7,Sunday,True,False
20250414,2025-04-14,2025,2,4,April,16,1,Monday,False,True
20250415,2025-04-15,2025,2,4,April,16,2,Tuesday,False,True
20250416,2025-04-16,2025,2,4,April,16,3,Wednesday,False,True
20250417,2025-04-17,2025,2,4,April,16,4,Thursday,False,True
20250418,2025-04-18,2025,2,4,April,16,5,Friday,False,False
20250419,2025-04-19,2025,2,4,April,16,6,Saturday,True,False
20250420,2025-04-20,2025,2,4,April,16,7,Sunday,True,False
20250421,2025-04-21,2025,2,4,April,17,1,Monday,False,False
20250422,2025-04-22,2025,2,4,April,17,2,Tuesday,False,True
20250423,2025-04-23,2025,2,4,April,17,3,Wednesday,False,True
20250424,2025-04-24,2025,2,4,April,17,4,Thursday,False,True
20250425,2025-04-25,2025,2,4,April,17,5,Friday,False,True
20250426,2025-04-26,2025,2,4,April,17,6,Saturday,True,False
20250427,2025-04-27,2025,2,4,April,17,7,Sunday,True,False
20250428,2025-04-28,2025,2,4,April,18,1,Monday,False,True
20250429,2025-04-29,2025,2,4,April,18,2,Tuesday,False,True
20250430,2025-04-30,2025,2,4,April,18,3,Wednesday,False,True
20250501,2025-05-01,2025,2,5,May,18,4,Thursday,False,False
20250502,2025-05-02,2025,2,5,May,18,5,Friday,False,True
20250503,2025-05-03,2025,2,5,May,18,6,Saturday,True,False
20250504,2025-05-04,2025,2,5,May,18,7,Sunday,True,False
20250505,2025-05-05,2025,2,5,May,19,1,Monday,False,True
20250506,2025-05-06,2025,2,5,May,19,2,Tuesday,False,True
20250507,2025-05-07,2025,2,5,May,19,3,Wednesday,False,True
20250508,2025-05-08,2025,2,5,May,19,4,Thursday,False,True
20250509,2025-05-09,2025,2,5,May,19,5,Friday,False,True
20250510,2025-05-10,2025,2,5,May,19,6,Saturday,True,False
20250511,2025-05-11,2025,2,5,May,19,7,Sunday,True,False
20250512,2025-05-12,2025,2,5,May,20,1,Monday,False,True
20250513,2025-05-13,2025,2,5,May,20,2,Tuesday,False,True
20250514,2025-05-14,2025,2,5,May,20,3,Wednesday,False,True
20250515,2025-05-15,2025,2,5,May,20,4,Thursday,False,True
20250516,2025-05-16,2025,2,5,May,20,5,Friday,False,True
20250517,2025-05-17,2025,2,5,May,20,6,Saturday,True,False
20250518,2025-05-18,2025,2,5,May,20,7,Sunday,True,False
20250519,2025-05-19,2025,2,5,May,21,1,Monday,False,True
20250520,2025-05-20,2025,2,5,May,21,2,Tuesday,False,True
20250521,2025-05-21,2025,2,5,May,21,3,Wednesday,False,True
20250522,2025-05-22,2025,2,5,May,21,4,Thursday,False,True
20250523,2025-05-23,2025,2,5,May,21,5,Friday,False,True
20250524,2025-05-24,2025,2,5,May,21,6,Saturday,True,False
20250525,2025-05-25,2025,2,5,May,21,7,Sunday,True,False
20250526,2025-05-26,2025,2,5,May,22,1,Monday,False,True
20250527,2025-05-27,2025,2,5,May,22,2,Tuesday,False,True
20250528,2025-05-28,2025,2,5,May,22,3,Wednesday,False,True
20250529,2025-05-29,2025,2,5,May,22,4,Thursday,False,True
20250530,2025-05-30,2025,2,5,May,22,5,Friday,False,True
20250531,2025-05-31,2025,2,5,May,22,6,Saturday,True,False
20250601,2025-06-01,2025,2,6,June,22,7,Sunday,True,False
20250602,2025-06-02,2025,2,6,June,23,1,Monday,False,True
20250603,2025-06-03,2025,2,6,June,23,2,Tuesday,False,True
20250604,2025-06-04,2025,2,6,June,23,3,Wednesday,False,True
20250605,2025-06-05,2025,2,6,June,23,4,Thursday,False,True
20250606,2025-06-06,2025,2,6,June,23,5,Friday,False,True
20250607,2025-06-07,2025,2,6,June,23,6,Saturday,True,False
20250608,2025-06-08,2025,2,6,June,23,7,Sunday,True,False
20250609,2025-06-09,2025,2,6,June,24,1,Monday,False,True
20250610,2025-06-10,2025,2,6,June,24,2,Tuesday,False,True
20250611,2025-06-11,2025,2,6,June,24,3,Wednesday,False,True
20250612,2025-06-12,2025,2,6,June,24,4,Thursday,False,True
20250613,2025-06-13,2025,2,6,June,24,5,Friday,False,True
20250614,2025-06-14,2025,2,6,June,24,6,Saturday,True,False
20250615,2025-06-15,2025,2,6,June,24,7,Sunday,True,False
20250616,2025-06-16,2025,2,6,June,25,1,Monday,False,True
20250617,2025-06-17,2025,2,6,June,25,2,Tuesday,False,True
20250618,2025-06-18,2025,2,6,June,25,3,Wednesday,False,True
20250619,2025-06-19,2025,2,6,June,25,4,Thursday,False,False
20250620,2025-06-20,2025,2,6,June,25,5,Friday,False,True
20250621,2025-06-21,2025,2,6,June,25,6,Saturday,True,False
20250622,2025-06-22,2025,2,6,June,25,7,Sunday,True,False
20250623,2025-06-23,2025,2,6,June,26,1,Monday,False,True
20250624,2025-06-24,2025,2,6,June,26,2,Tuesday,False,True
20250625,2025-06-25,2025,2,6,June,26,3,Wednesday,False,True
20250626,2025-06-26,2025,2,6,June,26,4,Thursday,False,True
20250627,2025-06-27,2025,2,6,June,26,5,Friday,False,True
20250628,2025-06-28,2025,2,6,June,26,6,Saturday,True,False
20250629,2025-06-29,2025,2,6,June,26,7,Sunday,True,False
20250630,2025-06-30,2025,2,6,June,27,1,Monday,False,True
20250701,2025-07-01,2025,3,7,July,27,2,Tuesday,False,True
20250702,2025-07-02,2025,3,7,July,27,3,Wednesday,False,True
20250703,2025-07-03,2025,3,7,July,27,4,Thursday,False,True
20250704,2025-07-04,2025,3,7,July,27,5,Friday,False,True
20250705,2025-07-05,2025,3,7,July,27,6,Saturday,True,False
20250706,2025-07-06,2025,3,7,July,27,7,Sunday,True,False
20250707,2025-07-07,2025,3,7,July,28,1,Monday,False,True
20250708,2025-07-08,2025,3,7,July,28,2,Tuesday,False,True
20250709,2025-07-09,2025,3,7,July,28,3,Wednesday,False,True
20250710,2025-07-10,2025,3,7,July,28,4,Thursday,False,True
20250711,2025-07-11,2025,3,7,July,28,5,Friday,False,True
20250712,2025-07-12,2025,3,7,July,28,6,Saturday,True,False
20250713,2025-07-13,2025,3,7,July,28,7,Sunday,True,False
20250714,2025-07-14,2025,3,7,July,29,1,Monday,False,True
20250715,2025-07-15,2025,3,7,July,29,2,Tuesday,False,True
20250716,2025-07-16,2025,3,7,July,29,3,Wednesday,False,True
20250717,2025-07-17,2025,3,7,July,29,4,Thursday,False,True
20250718,2025-07-18,2025,3,7,July,29,5,Friday,False,True
20250719,2025-07-19,2025,3,7,July,29,6,Saturday,True,False
20250720,2025-07-20,2025,3,7,July,29,7,Sunday,True,False
20250721,2025-07-21,2025,3,7,July,30,1,Monday,False,True
20250722,2025-07-22,2025,3,7,July,30,2,Tuesday,False,True
20250723,2025-07-23,2025,3,7,July,30,3,Wednesday,False,True
20250724,2025-07-24,2025,3,7,July,30,4,Thursday,False,True
20250725,2025-07-25,2025,3,7,July,30,5,Friday,False,True
20250726,2025-07-26,2025,3,7,July,30,6,Saturday,True,False
20250727,2025-07-27,2025,3,7,July,30,7,Sunday,True,False
20250728,2025-07-28,2025,3,7,July,31,1,Monday,False,True
20250729,2025-07-29,2025,3,7,July,31,2,Tuesday,False,True
20250730,2025-07-30,2025,3,7,July,31,3,Wednesday,False,True
20250731,2025-07-31,2025,3,7,July,31,4,Thursday,False,True
20250801,2025-08-01,2025,3,8,August,31,5,Friday,False,True
20250802,2025-08-02,2025,3,8,August,31,6,Saturday,True,False
20250803,2025-08-03,2025,3,8,August,31,7,Sunday,True,False
20250804,2025-08-04,2025,3,8,August,32,1,Monday,False,True
20250805,2025-08-05,2025,3,8,August,32,2,Tuesday,False,True
20250806,2025-08-06,2025,3,8,August,32,3,Wednesday,False,True
20250807,2025-08-07,2025,3,8,August,32,4,Thursday,False,True
20250808,2025-08-08,2025,3,8,August,32,5,Friday,False,True
20250809,2025-08-09,2025,3,8,August,32,6,Saturday,True,False
20250810,2025-08-10,2025,3,8,August,32,7,Sunday,True,False
20250811,2025-08-11,2025,3,8,August,33,1,Monday,False,True
20250812,2025-08-12,2025,3,8,August,33,2,Tuesday,False,True
20250813,2025-08-13,2025,3,8,August,33,3,Wednesday,False,True
20250814,2025-08-14,2025,3,8,August,33,4,Thursday,False,True
20250815,2025-08-15,2025,3,8,August,33,5,Friday,False,True
20250816,2025-08-16,2025,3,8,August,33,6,Saturday,True,False
20250817,2025-08-17,2025,3,8,August,33,7,Sunday,True,False
20250818,2025-08-18,2025,3,8,August,34,1,Monday,False,True
20250819,2025-08-19,2025,3,8,August,34,2,Tuesday,False,True
20250820,2025-08-20,2025,3,8,August,34,3,Wednesday,False,True
20250821,2025-08-21,2025,3,8,August,34,4,Thursday,False,True
20250822,2025-08-22,2025,3,8,August,34,5,Friday,False,True
20250823,2025-08-23,2025,3,8,August,34,6,Saturday,True,False
20250824,2025-08-24,2025,3,8,August,34,7,Sunday,True,False
20250825,2025-08-25,2025,3,8,August,35,1,Monday,False,True
20250826,2025-08-26,2025,3,8,August,35,2,Tuesday,False,True
20250827,2025-08-27,2025,3,8,August,35,3,Wednesday,False,True
20250828,2025-08-28,2025,3,8,August,35,4,Thursday,False,True
20250829,2025-08-29,2025,3,8,August,35,5,Friday,False,True
20250830,2025-08-30,2025,3,8,August,35,6,Saturday,True,False
20250831,2025-08-31,2025,3,8,August,35,7,Sunday,True,False
20250901,2025-09-01,2025,3,9,September,36,1,Monday,False,True
20250902,2025-09-02,2025,3,9,September,36,2,Tuesday,False,True
20250903,2025-09-03,2025,3,9,September,36,3,Wednesday,False,True
20250904,2025-09-04,2025,3,9,September,36,4,Thursday,False,True
20250905,2025-09-05,2025,3,9,September,36,5,Friday,False,True
20250906,2025-09-06,2025,3,9,September,36,6,Saturday,True,False
20250907,2025-09-07,2025,3,9,September,36,7,Sunday,True,False
20250908,2025-09-08,2025,3,9,September,37,1,Monday,False,True
20250909,2025-09-09,2025,3,9,September,37,2,Tuesday,False,True
20250910,2025-09-10,2025,3,9,September,37,3,Wednesday,False,True
20250911,2025-09-11,2025,3,9,September,37,4,Thursday,False,True
20250912,2025-09-12,2025,3,9,September,37,5,Friday,False,True
20250913,2025-09-13,2025,3,9,September,37,6,Saturday,True,False
20250914,2025-09-14,2025,3,9,September,37,7,Sunday,True,False
20250915,2025-09-15,2025,3,9,September,38,1,Monday,False,True
20250916,2025-09-16,2025,3,9,September,38,2,Tuesday,False,True
20250917,2025-09-17,2025,3,9,September,38,3,Wednesday,False,True
20250918,2025-09-18,2025,3,9,September,38,4,Thursday,False,True
20250919,2025-09-19,2025,3,9,September,38,5,Friday,False,True
20250920,2025-09-20,2025,3,9,September,38,6,Saturday,True,False
20250921,2025-09-21,2025,3,9,September,38,7,Sunday,True,False
20250922,2025-09-22,2025,3,9,September,39,1,Monday,False,True
20250923,2025-09-23,2025,3,9,September,39,2,Tuesday,False,True
20250924,2025-09-24,2025,3,9,September,39,3,Wednesday,False,True
20250925,2025-09-25,2025,3,9,September,39,4,Thursday,False,True
20250926,2025-09-26,2025,3,9,September,39,5,Friday,False,True
20250927,2025-09-27,2025,3,9,September,39,6,Saturday,True,False
20250928,2025-09-28,2025,3,9,September,39,7,Sunday,True,False
20250929,2025-09-29,2025,3,9,September,40,1,Monday,False,True
20250930,2025-09-30,2025,3,9,September,40,2,Tuesday,False,True
20251001,2025-10-01,2025,4,10,October,40,3,Wednesday,False,True
20251002,2025-10-02,2025,4,10,October,40,4,Thursday,False,True
20251003,2025-10-03,2025,4,10,October,40,5,Friday,False,True
20251004,2025-10-04,2025,4,10,October,40,6,Saturday,True,False
20251005,2025-10-05,2025,4,10,October,40,7,Sunday,True,False
20251006,2025-10-06,2025,4,10,October,41,1,Monday,False,True
20251007,2025-10-07,2025,4,10,October,41,2,Tuesday,False,True
20251008,2025-10-08,2025,4,10,October,41,3,Wednesday,False,True
20251009,2025-10-09,2025,4,10,October,41,4,Thursday,False,True
20251010,2025-10-10,2025,4,10,October,41,5,Friday,False,True
20251011,2025-10-11,2025,4,10,October,41,6,Saturday,True,False
20251012,2025-10-12,2025,4,10,October,41,7,Sunday,True,False
20251013,2025-10-13,2025,4,10,October,42,1,Monday,False,True
20251014,2025-10-14,2025,4,10,October,42,2,Tuesday,False,True
20251015,2025-10-15,2025,4,10,October,42,3,Wednesday,False,True
20251016,2025-10-16,2025,4,10,October,42,4,Thursday,False,True
20251017,2025-10-17,2025,4,10,October,42,5,Friday,False,True
20251018,2025-10-18,2025,4,10,October,42,6,Saturday,True,False
20251019,2025-10-19,2025,4,10,October,42,7,Sunday,True,False
20251020,2025-10-20,2025,4,10,October,43,1,Monday,False,True
20251021,2025-10-21,2025,4,10,October,43,2,Tuesday,False,True
20251022,2025-10-22,2025,4,10,October,43,3,Wednesday,False,True
20251023,2025-10-23,2025,4,10,October,43,4,Thursday,False,True
20251024,2025-10-24,2025,4,10,October,43,5,Friday,False,True
20251025,2025-10-25,2025,4,10,October,43,6,Saturday,True,False
20251026,2025-10-26,2025,4,10,October,43,7,Sunday,True,False
20251027,2025-10-27,2025,4,10,October,44,1,Monday,False,True
20251028,2025-10-28,2025,4,10,October,44,2,Tuesday,False,True
20251029,2025-10-29,2025,4,10,October,44,3,Wednesday,False,True
20251030,2025-10-30,2025,4,10,October,44,4,Thursday,False,True
20251031,2025-10-31,2025,4,10,October,44,5,Friday,False,True
20251101,2025-11-01,2025,4,11,November,44,6,Saturday,True,False
20251102,2025-11-02,2025,4,11,November,44,7,Sunday,True,False
20251103,2025-11-03,2025,4,11,November,45,1,Monday,False,True
20251104,2025-11-04,2025,4,11,November,45,2,Tuesday,False,True
20251105,2025-11-05,2025,4,11,November,45,3,Wednesday,False,True
20251106,2025-11-06,2025,4,11,November,45,4,Thursday,False,True
20251107,2025-11-07,2025,4,11,November,45,5,Friday,False,True
20251108,2025-11-08,2025,4,11,November,45,6,Saturday,True,False
20251109,2025-11-09,2025,4,11,November,45,7,Sunday,True,False
20251110,2025-11-10,2025,4,11,November,46,1,Monday,False,True
20251111,2025-11-11,2025,4,11,November,46,2,Tuesday,False,True
20251112,2025-11-12,2025,4,11,November,46,3,Wednesday,False,True
20251113,2025-11-13,2025,4,11,November,46,4,Thursday,False,True
20251114,2025-11-14,2025,4,11,November,46,5,Friday,False,True
20251115,2025-11-15,2025,4,11,November,46,6,Saturday,True,False
20251116,2025-11-16,2025,4,11,November,46,7,Sunday,True,False
20251117,2025-11-17,2025,4,11,November,47,1,Monday,False,True
20251118,2025-11-18,2025,4,11,November,47,2,Tuesday,False,True
20251119,2025-11-19,2025,4,11,November,47,3,Wednesday,False,True
20251120,2025-11-20,2025,4,11,November,47,4,Thursday,False,True
20251121,2025-11-21,2025,4,11,November,47,5,Friday,False,True
20251122,2025-11-22,2025,4,11,November,47,6,Saturday,True,False
20251123,2025-11-23,2025,4,11,November,47,7,Sunday,True,False
20251124,2025-11-24,2025,4,11,November,48,1,Monday,False,True
20251125,2025-11-25,2025,4,11,November,48,2,Tuesday,False,True
20251126,2025-11-26,2025,4,11,November,48,3,Wednesday,False,True
20251127,2025-11-27,2025,4,11,November,48,4,Thursday,False,True
20251128,2025-11-28,2025,4,11,November,48,5,Friday,False,True
20251129,2025-11-29,2025,4,11,November,48,6,Saturday,True,False
20251130,2025-11-30,2025,4,11,November,48,7,Sunday,True,False
20251201,2025-12-01,2025,4,12,December,49,1,Monday,False,True
20251202,2025-12-02,2025,4,12,December,49,2,Tuesday,False,True
20251203,2025-12-03,2025,4,12,December,49,3,Wednesday,False,True
20251204,2025-12-04,2025,4,12,December,49,4,Thursday,False,True
20251205,2025-12-05,2025,4,12,December,49,5,Friday,False,True
20251206,2025-12-06,2025,4,12,December,49,6,Saturday,True,False
20251207,2025-12-07,2025,4,12,December,49,7,Sunday,True,False
20251208,2025-12-08,2025,4,12,December,50,1,Monday,False,True
20251209,2025-12-09,2025,4,12,December,50,2,Tuesday,False,True
20251210,2025-12-10,2025,4,12,December,50,3,Wednesday,False,True
20251211,2025-12-11,2025,4,12,December,50,4,Thursday,False,True
20251212,2025-12-12,2025,4,12,December,50,5,Friday,False,True
20251213,2025-12-13,2025,4,12,December,50,6,Saturday,True,False
20251214,2025-12-14,2025,4,12,December,50,7,Sunday,True,False
20251215,2025-12-15,2025,4,12,December,51,1,Monday,False,True
20251216,2025-12-16,2025,4,12,December,51,2,Tuesday,False,True
20251217,2025-12-17,2025,4,12,December,51,3,Wednesday,False,True
20251218,2025-12-18,2025,4,12,December,51,4,Thursday,False,True
20251219,2025-12-19,2025,4,12,December,51,5,Friday,False,True
20251220,2025-12-20,2025,4,12,December,51,6,Saturday,True,False
20251221,2025-12-21,2025,4,12,December,51,7,Sunday,True,False
20251222,2025-12-22,2025,4,12,December,52,1,Monday,False,True
20251223,2025-12-23,2025,4,12,December,52,2,Tuesday,False,True
20251224,2025-12-24,2025,4,12,December,52,3,Wednesday,False,True
20251225,2025-12-25,2025,4,12,December,52,4,Thursday,False,False
20251226,2025-12-26,2025,4,12,December,52,5,Friday,False,True
20251227,2025-12-27,2025,4,12,December,52,6,Saturday,True,False
20251228,2025-12-28,2025,4,12,December,52,7,Sunday,True,False
20251229,2025-12-29,2025,4,12,December,1,1,Monday,False,True
20251230,2025-12-30,2025,4,12,December,1,2,Tuesday,False,True
20251231,2025-12-31,2025,4,12,December,1,3,Wednesday,False,True
20260101,2026-01-01,2026,1,1,January,1,4,Thursday,False,False
20260102,2026-01-02,2026,1,1,January,1,5,Friday,False,True
20260103,2026-01-03,2026,1,1,January,1,6,Saturday,True,False
20260104,2026-01-04,2026,1,1,January,1,7,Sunday,True,False
20260105,2026-01-05,2026,1,1,January,2,1,Monday,False,True
20260106,2026-01-06,2026,1,1,January,2,2,Tuesday,False,True
20260107,2026-01-07,2026,1,1,January,2,3,Wednesday,False,True
20260108,2026-01-08,2026,1,1,January,2,4,Thursday,False,True
20260109,2026-01-09,2026,1,1,January,2,5,Friday,False,True
20260110,2026-01-10,2026,1,1,January,2,6,Saturday,True,False
20260111,2026-01-11,2026,1,1,January,2,7,Sunday,True,False
20260112,2026-01-12,2026,1,1,January,3,1,Monday,False,True
20260113,2026-01-13,2026,1,1,January,3,2,Tuesday,False,True
20260114,2026-01-14,2026,1,1,January,3,3,Wednesday,False,True
20260115,2026-01-15,2026,1,1,January,3,4,Thursday,False,True
20260116,2026-01-16,2026,1,1,January,3,5,Friday,False,True
20260117,2026-01-17,2026,1,1,January,3,6,Saturday,True,False
20260118,2026-01-18,2026,1,1,January,3,7,Sunday,True,False
20260119,2026-01-19,2026,1,1,January,4,1,Monday,False,True
20260120,2026-01-20,2026,1,1,January,4,2,Tuesday,False,True
20260121,2026-01-21,2026,1,1,January,4,3,Wednesday,False,True
20260122,2026-01-22,2026,1,1,January,4,4,Thursday,False,True
20260123,2026-01-23,2026,1,1,January,4,5,Friday,False,True
20260124,2026-01-24,2026,1,1,January,4,6,Saturday,True,False
20260125,2026-01-25,2026,1,1,January,4,7,Sunday,True,False
20260126,2026-01-26,2026,1,1,January,5,1,Monday,False,True
20260127,2026-01-27,2026,1,1,January,5,2,Tuesday,False,True
20260128,2026-01-28,2026,1,1,January,5,3,Wednesday,False,True
20260129,2026-01-29,2026,1,1,January,5,4,Thursday,False,True
20260130,2026-01-30,2026,1,1,January,5,5,Friday,False,True
20260131,2026-01-31,2026,1,1,January,5,6,Saturday,True,False
20260201,2026-02-01,2026,1,2,February,5,7,Sunday,True,False
20260202,2026-02-02,2026,1,2,February,6,1,Monday,False,True
20260203,2026-02-03,2026,1,2,February,6,2,Tuesday,False,True
20260204,2026-02-04,2026,1,2,February,6,3,Wednesday,False,True
20260205,2026-02-05,2026,1,2,February,6,4,Thursday,False,True
20260206,2026-02-06,2026,1,2,February,6,5,Friday,False,True
20260207,2026-02-07,2026,1,2,February,6,6,Saturday,True,False
20260208,2026-02-08,2026,1,2,February,6,7,Sunday,True,False
20260209,2026-02-09,2026,1,2,February,7,1,Monday,False,True
20260210,2026-02-10,2026,1,2,February,7,2,Tuesday,False,True
20260211,2026-02-11,2026,1,2,February,7,3,Wednesday,False,True
20260212,2026-02-12,2026,1,2,February,7,4,Thursday,False,True
20260213,2026-02-13,2026,1,2,February,7,5,Friday,False,True
20260214,2026-02-14,2026,1,2,February,7,6,Saturday,True,False
20260215,2026-02-15,2026,1,2,February,7,7,Sunday,True,False
20260216,2026-02-16,2026,1,2,February,8,1,Monday,False,False
20260217,2026-02-17,2026,1,2,February,8,2,Tuesday,False,False
20260218,2026-02-18,2026,1,2,February,8,3,Wednesday,False,True
20260219,2026-02-19,2026,1,2,February,8,4,Thursday,False,True
20260220,2026-02-20,2026,1,2,February,8,5,Friday,False,True
20260221,2026-02-21,2026,1,2,February,8,6,Saturday,True,False
20260222,2026-02-22,2026,1,2,February,8,7,Sunday,True,False
20260223,2026-02-23,2026,1,2,February,9,1,Monday,False,True
20260224,2026-02-24,2026,1,2,February,9,2,Tuesday,False,True
20260225,2026-02-25,2026,1,2,February,9,3,Wednesday,False,True
20260226,2026-02-26,2026,1,2,February,9,4,Thursday,False,True
20260227,2026-02-27,2026,1,2,February,9,5,Friday,False,True
20260228,2026-02-28,2026,1,2,February,9,6,Saturday,True,False
20260301,2026-03-01,2026,1,3,March,9,7,Sunday,True,False
20260302,2026-03-02,2026,1,3,March,10,1,Monday,False,True
20260303,2026-03-03,2026,1,3,March,10,2,Tuesday,False,True
20260304,2026-03-04,2026,1,3,March,10,3,Wednesday,False,True
20260305,2026-03-05,2026,1,3,March,10,4,Thursday,False,True
20260306,2026-03-06,2026,1,3,March,10,5,Friday,False,True
20260307,2026-03-07,2026,1,3,March,10,6,Saturday,True,False
20260308,2026-03-08,2026,1,3,March,10,7,Sunday,True,False
20260309,2026-03-09,2026,1,3,March,11,1,Monday,False,True
20260310,2026-03-10,2026,1,3,March,11,2,Tuesday,False,True
20260311,2026-03-11,2026,1,3,March,11,3,Wednesday,False,True
20260312,2026-03-12,2026,1,3,March,11,4,Thursday,False,True
20260313,2026-03-13,2026,1,3,March,11,5,Friday,False,True
20260314,2026-03-14,2026,1,3,March,11,6,Saturday,True,False
20260315,2026-03-15,2026,1,3,March,11,7,Sunday,True,False
20260316,2026-03-16,2026,1,3,March,12,1,Monday,False,True
20260317,2026-03-17,2026,1,3,March,12,2,Tuesday,False,True
20260318,2026-03-18,2026,1,3,March,12,3,Wednesday,False,True
20260319,2026-03-19,2026,1,3,March,12,4,Thursday,False,True
20260320,2026-03-20,2026,1,3,March,12,5,Friday,False,True
20260321,2026-03-21,2026,1,3,March,12,6,Saturday,True,False
20260322,2026-03-22,2026,1,3,March,12,7,Sunday,True,False
20260323,2026-03-23,2026,1,3,March,13,1,Monday,False,True
20260324,2026-03-24,2026,1,3,March,13,2,Tuesday,False,True
20260325,2026-03-25,2026,1,3,March,13,3,Wednesday,False,True
20260326,2026-03-26,2026,1,3,March,13,4,Thursday,False,True
20260327,2026-03-27,2026,1,3,March,13,5,Friday,False,True
20260328,2026-03-28,2026,1,3,March,13,6,Saturday,True,False
20260329,2026-03-29,2026,1,3,March,13,7,Sunday,True,False
20260330,2026-03-30,2026,1,3,March,14,1,Monday,False,True
20260331,2026-03-31,2026,1,3,March,14,2,Tuesday,False,True
20260401,2026-04-01,2026,2,4,April,14,3,Wednesday,False,True
20260402,2026-04-02,2026,2,4,April,14,4,Thursday,False,True
20260403,2026-04-03,2026,2,4,April,14,5,Friday,False,False
20260404,2026-04-04,2026,2,4,April,14,6,Saturday,True,False
20260405,2026-04-05,2026,2,4,April,14,7,Sunday,True,False
20260406,2026-04-06,2026,2,4,April,15,1,Monday,False,True
20260407,2026-04-07,2026,2,4,April,15,2,Tuesday,False,True
20260408,2026-04-08,2026,2,4,April,15,3,Wednesday,False,True
20260409,2026-04-09,2026,2,4,April,15,4,Thursday,False,True
20260410,2026-04-10,2026,2,4,April,15,5,Friday,False,True
20260411,2026-04-11,2026,2,4,April,15,6,Saturday,True,False
20260412,2026-04-12,2026,2,4,April,15,7,Sunday,True,False
20260413,2026-04-13,2026,2,4,April,16,1,Monday,False,True
20260414,2026-04-14,2026,2,4,April,16,2,Tuesday,False,True
20260415,2026-04-15,2026,2,4,April,16,3,Wednesday,False,True
20260416,2026-04-16,2026,2,4,April,16,4,Thursday,False,True
20260417,2026-04-17,2026,2,4,April,16,5,Friday,False,True
20260418,2026-04-18,2026,2,4,April,16,6,Saturday,True,False
20260419,2026-04-19,2026,2,4,April,16,7,Sunday,True,False
20260420,2026-04-20,2026,2,4,April,17,1,Monday,False,True
20260421,2026-04-21,2026,2,4,April,17,2,Tuesday,False,False
20260422,2026-04-22,2026,2,4,April,17,3,Wednesday,False,True
20260423,2026-04-23,2026,2,4,April,17,4,Thursday,False,True
20260424,2026-04-24,2026,2,4,April,17,5,Friday,False,True
20260425,2026-04-25,2026,2,4,April,17,6,Saturday,True,False
20260426,2026-04-26,2026,2,4,April,17,7,Sunday,True,False
20260427,2026-04-27,2026,2,4,April,18,1,Monday,False,True
20260428,2026-04-28,2026,2,4,April,18,2,Tuesday,False,True
20260429,2026-04-29,2026,2,4,April,18,3,Wednesday,False,True
20260430,2026-04-30,2026,2,4,April,18,4,Thursday,False,True
20260501,2026-05-01,2026,2,5,May,18,5,Friday,False,False
20260502,2026-05-02,2026,2,5,May,18,6,Saturday,True,False
20260503,2026-05-03,2026,2,5,May,18,7,Sunday,True,False
20260504,2026-05-04,2026,2,5,May,19,1,Monday,False,True
20260505,2026-05-05,2026,2,5,May,19,2,Tuesday,False,True
20260506,2026-05-06,2026,2,5,May,19,3,Wednesday,False,True
20260507,2026-05-07,2026,2,5,May,19,4,Thursday,False,True
20260508,2026-05-08,2026,2,5,May,19,5,Friday,False,True
20260509,2026-05-09,2026,2,5,May,19,6,Saturday,True,False
20260510,2026-05-10,2026,2,5,May,19,7,Sunday,True,False
20260511,2026-05-11,2026,2,5,May,20,1,Monday,False,True
20260512,2026-05-12,2026,2,5,May,20,2,Tuesday,False,True
20260513,2026-05-13,2026,2,5,May,20,3,Wednesday,False,True
20260514,2026-05-14,2026,2,5,May,20,4,Thursday,False,True
20260515,2026-05-15,2026,2,5,May,20,5,Friday,False,True
20260516,2026-05-16,2026,2,5,May,20,6,Saturday,True,False
20260517,2026-05-17,2026,2,5,May,20,7,Sunday,True,False
20260518,2026-05-18,2026,2,5,May,21,1,Monday,False,True
20260519,2026-05-19,2026,2,5,May,21,2,Tuesday,False,True
20260520,2026-05-20,2026,2,5,May,21,3,Wednesday,False,True
20260521,2026-05-21,2026,2,5,May,21,4,Thursday,False,True
20260522,2026-05-22,2026,2,5,May,21,5,Friday,False,True
20260523,2026-05-23,2026,2,5,May,21,6,Saturday,True,False
20260524,2026-05-24,2026,2,5,May,21,7,Sunday,True,False
20260525,2026-05-25,2026,2,5,May,22,1,Monday,False,True
20260526,2026-05-26,2026,2,5,May,22,2,Tuesday,False,True
20260527,2026-05-27,2026,2,5,May,22,3,Wednesday,False,True
20260528,2026-05-28,2026,2,5,May,22,4,Thursday,False,True
20260529,2026-05-29,2026,2,5,May,22,5,Friday,False,True
20260530,2026-05-30,2026,2,5,May,22,6,Saturday,True,False
20260531,2026-05-31,2026,2,5,May,22,7,Sunday,True,False
20260601,2026-06-01,2026,2,6,June,23,1,Monday,False,True
20260602,2026-06-02,2026,2,6,June,23,2,Tuesday,False,True
20260603,2026-06-03,2026,2,6,June,23,3,Wednesday,False,True
20260604,2026-06-04,2026,2,6,June,23,4,Thursday,False,False
20260605,2026-06-05,2026,2,6,June,23,5,Friday,False,True
20260606,2026-06-06,2026,2,6,June,23,6,Saturday,True,False
20260607,2026-06-07,2026,2,6,June,23,7,Sunday,True,False
20260608,2026-06-08,2026,2,6,June,24,1,Monday,False,True
20260609,2026-06-09,2026,2,6,June,24,2,Tuesday,False,True
20260610,2026-06-10,2026,2,6,June,24,3,Wednesday,False,True
20260611,2026-06-11,2026,2,6,June,24,4,Thursday,False,True
20260612,2026-06-12,2026,2,6,June,24,5,Friday,False,True
20260613,2026-06-13,2026,2,6,June,24,6,Saturday,True,False
20260614,2026-06-14,2026,2,6,June,24,7,Sunday,True,False
20260615,2026-06-15,2026,2,6,June,25,1,Monday,False,True
20260616,2026-06-16,2026,2,6,June,25,2,Tuesday,False,True
20260617,2026-06-17,2026,2,6,June,25,3,Wednesday,False,True
20260618,2026-06-18,2026,2,6,June,25,4,Thursday,False,True
20260619,2026-06-19,2026,2,6,June,25,5,Friday,False,True
20260620,2026-06-20,2026,2,6,June,25,6,Saturday,True,False
20260621,2026-06-21,2026,2,6,June,25,7,Sunday,True,False
20260622,2026-06-22,2026,2,6,June,26,1,Monday,False,True
20260623,2026-06-23,2026,2,6,June,26,2,Tuesday,False,True
20260624,2026-06-24,2026,2,6,June,26,3,Wednesday,False,True
20260625,2026-06-25,2026,2,6,June,26,4,Thursday,False,True
20260626,2026-06-26,2026,2,6,June,26,5,Friday,False,True
20260627,2026-06-27,2026,2,6,June,26,6,Saturday,True,False
20260628,2026-06-28,2026,2,6,June,26,7,Sunday,True,False
20260629,2026-06-29,2026,2,6,June,27,1,Monday,False,True
20260630,2026-06-30,2026,2,6,June,27,2,Tuesday,False,True
20260701,2026-07-01,2026,3,7,July,27,3,Wednesday,False,True
20260702,2026-07-02,2026,3,7,July,27,4,Thursday,False,True
20260703,2026-07-03,2026,3,7,July,27,5,Friday,False,True
20260704,2026-07-04,2026,3,7,July,27,6,Saturday,True,False
20260705,2026-07-05,2026,3,7,July,27,7,Sunday,True,False
20260706,2026-07-06,2026,3,7,July,28,1,Monday,False,True
20260707,2026-07-07,2026,3,7,July,28,2,Tuesday,False,True
20260708,2026-07-08,2026,3,7,July,28,3,Wednesday,False,True
20260709,2026-07-09,2026,3,7,July,28,4,Thursday,False,True
20260710,2026-07-10,2026,3,7,July,28,5,Friday,False,True
20260711,2026-07-11,2026,3,7,July,28,6,Saturday,True,False
20260712,2026-07-12,2026,3,7,July,28,7,Sunday,True,False
20260713,2026-07-13,2026,3,7,July,29,1,Monday,False,True
20260714,2026-07-14,2026,3,7,July,29,2,Tuesday,False,True
20260715,2026-07-15,2026,3,7,July,29,3,Wednesday,False,True
20260716,2026-07-16,2026,3,7,July,29,4,Thursday,False,True
20260717,2026-07-17,2026,3,7,July,29,5,Friday,False,True
20260718,2026-07-18,2026,3,7,July,29,6,Saturday,True,False
20260719,2026-07-19,2026,3,7,July,29,7,Sunday,True,False
20260720,2026-07-20,2026,3,7,July,30,1,Monday,False,True
20260721,2026-07-21,2026,3,7,July,30,2,Tuesday,False,True
20260722,2026-07-22,2026,3,7,July,30,3,Wednesday,False,True
20260723,2026-07-23,2026,3,7,July,30,4,Thursday,False,True
20260724,2026-07-24,2026,3,7,July,30,5,Friday,False,True
20260725,2026-07-25,2026,3,7,July,30,6,Saturday,True,False
20260726,2026-07-26,2026,3,7,July,30,7,Sunday,True,False
20260727,2026-07-27,2026,3,7,July,31,1,Monday,False,True
20260728,2026-07-28,2026,3,7,July,31,2,Tuesday,False,True
20260729,2026-07-29,2026,3,7,July,31,3,Wednesday,False,True
20260730,2026-07-30,2026,3,7,July,31,4,Thursday,False,True
20260731,2026-07-31,2026,3,7,July,31,5,Friday,False,True
20260801,2026-08-01,2026,3,8,August,31,6,Saturday,True,False
20260802,2026-08-02,2026,3,8,August,31,7,Sunday,True,False
20260803,2026-08-03,2026,3,8,August,32,1,Monday,False,True
20260804,2026-08-04,2026,3,8,August,32,2,Tuesday,False,True
20260805,2026-08-05,2026,3,8,August,32,3,Wednesday,False,True
20260806,2026-08-06,2026,3,8,August,32,4,Thursday,False,True
20260807,2026-08-07,2026,3,8,August,32,5,Friday,False,True
20260808,2026-08-08,2026,3,8,August,32,6,Saturday,True,False
20260809,2026-08-09,2026,3,8,August,32,7,Sunday,True,False
20260810,2026-08-10,2026,3,8,August,33,1,Monday,False,True
20260811,2026-08-11,2026,3,8,August,33,2,Tuesday,False,True
20260812,2026-08-12,2026,3,8,August,33,3,Wednesday,False,True
20260813,2026-08-13,2026,3,8,August,33,4,Thursday,False,True
20260814,2026-08-14,2026,3,8,August,33,5,Friday,False,True
20260815,2026-08-15,2026,3,8,August,33,6,Saturday,True,False
20260816,2026-08-16,2026,3,8,August,33,7,Sunday,True,False
20260817,2026-08-17,2026,3,8,August,34,1,Monday,False,True
20260818,2026-08-18,2026,3,8,August,34,2,Tuesday,False,True
20260819,2026-08-19,2026,3,8,August,34,3,Wednesday,False,True
20260820,2026-08-20,2026,3,8,August,34,4,Thursday,False,True
20260821,2026-08-21,2026,3,8,August,34,5,Friday,False,True
20260822,2026-08-22,2026,3,8,August,34,6,Saturday,True,False
20260823,2026-08-23,2026,3,8,August,34,7,Sunday,True,False
20260824,2026-08-24,2026,3,8,August,35,1,Monday,False,True
20260825,2026-08-25,2026,3,8,August,35,2,Tuesday,False,True
20260826,2026-08-26,2026,3,8,August,35,3,Wednesday,False,True
20260827,2026-08-27,2026,3,8,August,35,4,Thursday,False,True
20260828,2026-08-28,2026,3,8,August,35,5,Friday,False,True
20260829,2026-08-29,2026,3,8,August,35,6,Saturday,True,False
20260830,2026-08-30,2026,3,8,August,35,7,Sunday,True,False
20260831,2026-08-31,2026,3,8,August,36,1,Monday,False,True
20260901,2026-09-01,2026,3,9,September,36,2,Tuesday,False,True
20260902,2026-09-02,2026,3,9,September,36,3,Wednesday,False,True
20260903,2026-09-03,2026,3,9,September,36,4,Thursday,False,True
20260904,2026-09-04,2026,3,9,September,36,5,Friday,False,True
20260905,2026-09-05,2026,3,9,September,36,6,Saturday,True,False
20260906,2026-09-06,2026,3,9,September,36,7,Sunday,True,False
20260907,2026-09-07,2026,3,9,September,37,1,Monday,False,False
20260908,2026-09-08,2026,3,9,September,37,2,Tuesday,False,True
20260909,2026-09-09,2026,3,9,September,37,3,Wednesday,False,True
20260910,2026-09-10,2026,3,9,September,37,4,Thursday,False,True
20260911,2026-09-11,2026,3,9,September,37,5,Friday,False,True
20260912,2026-09-12,2026,3,9,September,37,6,Saturday,True,False
20260913,2026-09-13,2026,3,9,September,37,7,Sunday,True,False
20260914,2026-09-14,2026,3,9,September,38,1,Monday,False,True
20260915,2026-09-15,2026,3,9,September,38,2,Tuesday,False,True
20260916,2026-09-16,2026,3,9,September,38,3,Wednesday,False,True
20260917,2026-09-17,2026,3,9,September,38,4,Thursday,False,True
20260918,2026-09-18,2026,3,9,September,38,5,Friday,False,True
20260919,2026-09-19,2026,3,9,September,38,6,Saturday,True,False
20260920,2026-09-20,2026,3,9,September,38,7,Sunday,True,False
20260921,2026-09-21,2026,3,9,September,39,1,Monday,False,True
20260922,2026-09-22,2026,3,9,September,39,2,Tuesday,False,True
20260923,2026-09-23,2026,3,9,September,39,3,Wednesday,False,True
20260924,2026-09-24,2026,3,9,September,39,4,Thursday,False,True
20260925,2026-09-25,2026,3,9,September,39,5,Friday,False,True
20260926,2026-09-26,2026,3,9,September,39,6,Saturday,True,False
20260927,2026-09-27,2026,3,9,September,39,7,Sunday,True,False
20260928,2026-09-28,2026,3,9,September,40,1,Monday,False,True
20260929,2026-09-29,2026,3,9,September,40,2,Tuesday,False,True
20260930,2026-09-30,2026,3,9,September,40,3,Wednesday,False,True
20261001,2026-10-01,2026,4,10,October,40,4,Thursday,False,True
20261002,2026-10-02,2026,4,10,October,40,5,Friday,False,True
20261003,2026-10-03,2026,4,10,October,40,6,Saturday,True,False
20261004,2026-10-04,2026,4,10,October,40,7,Sunday,True,False
20261005,2026-10-05,2026,4,10,October,41,1,Monday,False,True
20261006,2026-10-06,2026,4,10,October,41,2,Tuesday,False,True
20261007,2026-10-07,2026,4,10,October,41,3,Wednesday,False,True
20261008,2026-10-08,2026,4,10,October,41,4,Thursday,False,True
20261009,2026-10-09,2026,4,10,October,41,5,Friday,False,True
20261010,2026-10-10,2026,4,10,October,41,6,Saturday,True,False
20261011,2026-10-11,2026,4,10,October,41,7,Sunday,True,False
20261012,2026-10-12,2026,4,10,October,42,1,Monday,False,False
20261013,2026-10-13,2026,4,10,October,42,2,Tuesday,False,True
20261014,2026-10-14,2026,4,10,October,42,3,Wednesday,False,True
20261015,2026-10-15,2026,4,10,October,42,4,Thursday,False,True
20261016,2026-10-16,2026,4,10,October,42,5,Friday,False,True
20261017,2026-10-17,2026,4,10,October,42,6,Saturday,True,False
20261018,2026-10-18,2026,4,10,October,42,7,Sunday,True,False
20261019,2026-10-19,2026,4,10,October,43,1,Monday,False,True
20261020,2026-10-20,2026,4,10,October,43,2,Tuesday,False,True
20261021,2026-10-21,2026,4,10,October,43,3,Wednesday,False,True
20261022,2026-10-22,2026,4,10,October,43,4,Thursday,False,True
20261023,2026-10-23,2026,4,10,October,43,5,Friday,False,True
20261024,2026-10-24,2026,4,10,October,43,6,Saturday,True,False
20261025,2026-10-25,2026,4,10,October,43,7,Sunday,True,False
20261026,2026-10-26,2026,4,10,October,44,1,Monday,False,True
20261027,2026-10-27,2026,4,10,October,44,2,Tuesday,False,True
20261028,2026-10-28,2026,4,10,October,44,3,Wednesday,False,True
20261029,2026-10-29,2026,4,10,October,44,4,Thursday,False,True
20261030,2026-10-30,2026,4,10,October,44,5,Friday,False,True
20261031,2026-10-31,2026,4,10,October,44,6,Saturday,True,False
20261101,2026-11-01,2026,4,11,November,44,7,Sunday,True,False
20261102,2026-11-02,2026,4,11,November,45,1,Monday,False,False
20261103,2026-11-03,2026,4,11,November,45,2,Tuesday,False,True
20261104,2026-11-04,2026,4,11,November,45,3,Wednesday,False,True
20261105,2026-11-05,2026,4,11,November,45,4,Thursday,False,True
20261106,2026-11-06,2026,4,11,November,45,5,Friday,False,True
20261107,2026-11-07,2026,4,11,November,45,6,Saturday,True,False
20261108,2026-11-08,2026,4,11,November,45,7,Sunday,True,False
20261109,2026-11-09,2026,4,11,November,46,1,Monday,False,True
20261110,2026-11-10,2026,4,11,November,46,2,Tuesday,False,True
20261111,2026-11-11,2026,4,11,November,46,3,Wednesday,False,True
20261112,2026-11-12,2026,4,11,November,46,4,Thursday,False,True
20261113,2026-11-13,2026,4,11,November,46,5,Friday,False,True
20261114,2026-11-14,2026,4,11,November,46,6,Saturday,True,False
20261115,2026-11-15,2026,4,11,November,46,7,Sunday,True,False
20261116,2026-11-16,2026,4,11,November,47,1,Monday,False,True
20261117,2026-11-17,2026,4,11,November,47,2,Tuesday,False,True
20261118,2026-11-18,2026,4,11,November,47,3,Wednesday,False,True
20261119,2026-11-19,2026,4,11,November,47,4,Thursday,False,True
20261120,2026-11-20,2026,4,11,November,47,5,Friday,False,True
20261121,2026-11-21,2026,4,11,November,47,6,Saturday,True,False
20261122,2026-11-22,2026,4,11,November,47,7,Sunday,True,False
20261123,2026-11-23,2026,4,11,November,48,1,Monday,False,True
20261124,2026-11-24,2026,4,11,November,48,2,Tuesday,False,True
20261125,2026-11-25,2026,4,11,November,48,3,Wednesday,False,True
20261126,2026-11-26,2026,4,11,November,48,4,Thursday,False,True
20261127,2026-11-27,2026,4,11,November,48,5,Friday,False,True
20261128,2026-11-28,2026,4,11,November,48,6,Saturday,True,False
20261129,2026-11-29,2026,4,11,November,48,7,Sunday,True,False
20261130,2026-11-30,2026,4,11,November,49,1,Monday,False,True
20261201,2026-12-01,2026,4,12,December,49,2,Tuesday,False,True
20261202,2026-12-02,2026,4,12,December,49,3,Wednesday,False,True
20261203,2026-12-03,2026,4,12,December,49,4,Thursday,False,True
20261204,2026-12-04,2026,4,12,December,49,5,Friday,False,True
20261205,2026-12-05,2026,4,12,December,49,6,Saturday,True,False
20261206,2026-12-06,2026,4,12,December,49,7,Sunday,True,False
20261207,2026-12-07,2026,4,12,December,50,1,Monday,False,True
20261208,2026-12-08,2026,4,12,December,50,2,Tuesday,False,True
20261209,2026-12-09,2026,4,12,December,50,3,Wednesday,False,True
20261210,2026-12-10,2026,4,12,December,50,4,Thursday,False,True
20261211,2026-12-11,2026,4,12,December,50,5,Friday,False,True
20261212,2026-12-12,2026,4,12,December,50,6,Saturday,True,False
20261213,2026-12-13,2026,4,12,December,50,7,Sunday,True,False
20261214,2026-12-14,2026,4,12,December,51,1,Monday,False,True
20261215,2026-12-15,2026,4,12,December,51,2,Tuesday,False,True
20261216,2026-12-16,2026,4,12,December,51,3,Wednesday,False,True
20261217,2026-12-17,2026,4,12,December,51,4,Thursday,False,True
20261218,2026-12-18,2026,4,12,December,51,5,Friday,False,True
20261219,2026-12-19,2026,4,12,December,51,6,Saturday,True,False
20261220,2026-12-20,2026,4,12,December,51,7,Sunday,True,False
20261221,2026-12-21,2026,4,12,December,52,1,Monday,False,True
20261222,2026-12-22,2026,4,12,December,52,2,Tuesday,False,True
20261223,2026-12-23,2026,4,12,December,52,3,Wednesday,False,True
20261224,2026-12-24,2026,4,12,December,52,4,Thursday,False,True
20261225,2026-12-25,2026,4,12,December,52,5,Friday,False,False
20261226,2026-12-26,2026,4,12,December,52,6,Saturday,True,False
20261227,2026-12-27,2026,4,12,December,52,7,Sunday,True,False
20261228,2026-12-28,2026,4,12,December,53,1,Monday,False,True
20261229,2026-12-29,2026,4,12,December,53,2,Tuesday,False,True
20261230,2026-12-30,2026,4,12,December,53,3,Wednesday,False,True
20261231,2026-12-31,2026,4,12,December,53,4,Thursday,False,True
20270101,2027-01-01,2027,1,1,January,53,5,Friday,False,False
20270102,2027-01-02,2027,1,1,January,53,6,Saturday,True,False
20270103,2027-01-03,2027,1,1,January,53,7,Sunday,True,False
20270104,2027-01-04,2027,1,1,January,1,1,Monday,False,True
20270105,2027-01-05,2027,1,1,January,1,2,Tuesday,False,True
20270106,2027-01-06,2027,1,1,January,1,3,Wednesday,False,True
20270107,2027-01-07,2027,1,1,January,1,4,Thursday,False,True
20270108,2027-01-08,2027,1,1,January,1,5,Friday,False,True
20270109,2027-01-09,2027,1,1,January,1,6,Saturday,True,False
20270110,2027-01-10,2027,1,1,January,1,7,Sunday,True,False
20270111,2027-01-11,2027,1,1,January,2,1,Monday,False,True
20270112,2027-01-12,2027,1,1,January,2,2,Tuesday,False,True
20270113,2027-01-13,2027,1,1,January,2,3,Wednesday,False,True
20270114,2027-01-14,2027,1,1,January,2,4,Thursday,False,True
20270115,2027-01-15,2027,1,1,January,2,5,Friday,False,True
20270116,2027-01-16,2027,1,1,January,2,6,Saturday,True,False
20270117,2027-01-17,2027,1,1,January,2,7,Sunday,True,False
20270118,2027-01-18,2027,1,1,January,3,1,Monday,False,True
20270119,2027-01-19,2027,1,1,January,3,2,Tuesday,False,True
20270120,2027-01-20,2027,1,1,January,3,3,Wednesday,False,True
20270121,2027-01-21,2027,1,1,January,3,4,Thursday,False,True
20270122,2027-01-22,2027,1,1,January,3,5,Friday,False,True
20270123,2027-01-23,2027,1,1,January,3,6,Saturday,True,False
20270124,2027-01-24,2027,1,1,January,3,7,Sunday,True,False
20270125,2027-01-25,2027,1,1,January,4,1,Monday,False,True
20270126,2027-01-26,2027,1,1,January,4,2,Tuesday,False,True
20270127,2027-01-27,2027,1,1,January,4,3,Wednesday,False,True
20270128,2027-01-28,2027,1,1,January,4,4,Thursday,False,True
20270129,2027-01-29,2027,1,1,January,4,5,Friday,False,True
20270130,2027-01-30,2027,1,1,January,4,6,Saturday,True,False
20270131,2027-01-31,2027,1,1,January,4,7,Sunday,True,False
20270201,2027-02-01,2027,1,2,February,5,1,Monday,False,True
20270202,2027-02-02,2027,1,2,February,5,2,Tuesday,False,True
20270203,2027-02-03,2027,1,2,February,5,3,Wednesday,False,True
20270204,2027-02-04,2027,1,2,February,5,4,Thursday,False,True
20270205,2027-02-05,2027,1,2,February,5,5,Friday,False,True
20270206,2027-02-06,2027,1,2,February,5,6,Saturday,True,False
20270207,2027-02-07,2027,1,2,February,5,7,Sunday,True,False
20270208,2027-02-08,2027,1,2,February,6,1,Monday,False,True
20270209,2027-02-09,2027,1,2,February,6,2,Tuesday,False,True
20270210,2027-02-10,2027,1,2,February,6,3,Wednesday,False,True
20270211,2027-02-11,2027,1,2,February,6,4,Thursday,False,True
20270212,2027-02-12,2027,1,2,February,6,5,Friday,False,True
20270213,2027-02-13,2027,1,2,February,6,6,Saturday,True,False
20270214,2027-02-14,2027,1,2,February,6,7,Sunday,True,False
20270215,2027-02-15,2027,1,2,February,7,1,Monday,False,True
20270216,2027-02-16,2027,1,2,February,7,2,Tuesday,False,True
20270217,2027-02-17,2027,1,2,February,7,3,Wednesday,False,True
20270218,2027-02-18,2027,1,2,February,7,4,Thursday,False,True
20270219,2027-02-19,2027,1,2,February,7,5,Friday,False,True
20270220,2027-02-20,2027,1,2,February,7,6,Saturday,True,False
20270221,2027-02-21,2027,1,2,February,7,7,Sunday,True,False
20270222,2027-02-22,2027,1,2,February,8,1,Monday,False,True
20270223,2027-02-23,2027,1,2,February,8,2,Tuesday,False,True
20270224,2027-02-24,2027,1,2,February,8,3,Wednesday,False,True
20270225,2027-02-25,2027,1,2,February,8,4,Thursday,False,True
20270226,2027-02-26,2027,1,2,February,8,5,Friday,False,True
20270227,2027-02-27,2027,1,2,February,8,6,Saturday,True,False
20270228,2027-02-28,2027,1,2,February,8,7,Sunday,True,False
20270301,2027-03-01,2027,1,3,March,9,1,Monday,False,True
20270302,2027-03-02,2027,1,3,March,9,2,Tuesday,False,True
20270303,2027-03-03,2027,1,3,March,9,3,Wednesday,False,True
20270304,2027-03-04,2027,1,3,March,9,4,Thursday,False,True
20270305,2027-03-05,2027,1,3,March,9,5,Friday,False,True
20270306,2027-03-06,2027,1,3,March,9,6,Saturday,True,False
20270307,2027-03-07,2027,1,3,March,9,7,Sunday,True,False
20270308,2027-03-08,2027,1,3,March,10,1,Monday,False,True
20270309,2027-03-09,2027,1,3,March,10,2,Tuesday,False,True
20270310,2027-03-10,2027,1,3,March,10,3,Wednesday,False,True
20270311,2027-03-11,2027,1,3,March,10,4,Thursday,False,True
20270312,2027-03-12,2027,1,3,March,10,5,Friday,False,True
20270313,2027-03-13,2027,1,3,March,10,6,Saturday,True,False
20270314,2027-03-14,2027,1,3,March,10,7,Sunday,True,False
20270315,2027-03-15,2027,1,3,March,11,1,Monday,False,True
20270316,2027-03-16,2027,1,3,March,11,2,Tuesday,False,True
20270317,2027-03-17,2027,1,3,March,11,3,Wednesday,False,True
20270318,2027-03-18,2027,1,3,March,11,4,Thursday,False,True
20270319,2027-03-19,2027,1,3,March,11,5,Friday,False,True
20270320,2027-03-20,2027,1,3,March,11,6,Saturday,True,False
20270321,2027-03-21,2027,1,3,March,11,7,Sunday,True,False
20270322,2027-03-22,2027,1,3,March,12,1,Monday,False,True
20270323,2027-03-23,2027,1,3,March,12,2,Tuesday,False,True
20270324,2027-03-24,2027,1,3,March,12,3,Wednesday,False,True
20270325,2027-03-25,2027,1,3,March,12,4,Thursday,False,True
20270326,2027-03-26,2027,1,3,March,12,5,Friday,False,True
20270327,2027-03-27,2027,1,3,March,12,6,Saturday,True,False
20270328,2027-03-28,2027,1,3,March,12,7,Sunday,True,False
20270329,2027-03-29,2027,1,3,March,13,1,Monday,False,True
20270330,2027-03-30,2027,1,3,March,13,2,Tuesday,False,True
20270331,2027-03-31,2027,1,3,March,13,3,Wednesday,False,True
20270401,2027-04-01,2027,2,4,April,13,4,Thursday,False,True
20270402,2027-04-02,2027,2,4,April,13,5,Friday,False,True
20270403,2027-04-03,2027,2,4,April,13,6,Saturday,True,False
20270404,2027-04-04,2027,2,4,April,13,7,Sunday,True,False
20270405,2027-04-05,2027,2,4,April,14,1,Monday,False,True
20270406,2027-04-06,2027,2,4,April,14,2,Tuesday,False,True
20270407,2027-04-07,2027,2,4,April,14,3,Wednesday,False,True
20270408,2027-04-08,2027,2,4,April,14,4,Thursday,False,True
20270409,2027-04-09,2027,2,4,April,14,5,Friday,False,True
20270410,2027-04-10,2027,2,4,April,14,6,Saturday,True,False
20270411,2027-04-11,2027,2,4,April,14,7,Sunday,True,False
20270412,2027-04-12,2027,2,4,April,15,1,Monday,False,True
20270413,2027-04-13,2027,2,4,April,15,2,Tuesday,False,True
20270414,2027-04-14,2027,2,4,April,15,3,Wednesday,False,True
20270415,2027-04-15,2027,2,4,April,15,4,Thursday,False,True
20270416,2027-04-16,2027,2,4,April,15,5,Friday,False,True
20270417,2027-04-17,2027,2,4,April,15,6,Saturday,True,False
20270418,2027-04-18,2027,2,4,April,15,7,Sunday,True,False
20270419,2027-04-19,2027,2,4,April,16,1,Monday,False,True
20270420,2027-04-20,2027,2,4,April,16,2,Tuesday,False,True
20270421,2027-04-21,2027,2,4,April,16,3,Wednesday,False,False
20270422,2027-04-22,2027,2,4,April,16,4,Thursday,False,True
20270423,2027-04-23,2027,2,4,April,16,5,Friday,False,True
20270424,2027-04-24,2027,2,4,April,16,6,Saturday,True,False
20270425,2027-04-25,2027,2,4,April,16,7,Sunday,True,False
20270426,2027-04-26,2027,2,4,April,17,1,Monday,False,True
20270427,2027-04-27,2027,2,4,April,17,2,Tuesday,False,True
20270428,2027-04-28,2027,2,4,April,17,3,Wednesday,False,True
20270429,2027-04-29,2027,2,4,April,17,4,Thursday,False,True
20270430,2027-04-30,2027,2,4,April,17,5,Friday,False,True
20270501,2027-05-01,2027,2,5,May,17,6,Saturday,True,False
20270502,2027-05-02,2027,2,5,May,17,7,Sunday,True,False
20270503,2027-05-03,2027,2,5,May,18,1,Monday,False,True
20270504,2027-05-04,2027,2,5,May,18,2,Tuesday,False,True
20270505,2027-05-05,2027,2,5,May,18,3,Wednesday,False,True
20270506,2027-05-06,2027,2,5,May,18,4,Thursday,False,True
20270507,2027-05-07,2027,2,5,May,18,5,Friday,False,True
20270508,2027-05-08,2027,2,5,May,18,6,Saturday,True,False
20270509,2027-05-09,2027,2,5,May,18,7,Sunday,True,False
20270510,2027-05-10,2027,2,5,May,19,1,Monday,False,True
20270511,2027-05-11,2027,2,5,May,19,2,Tuesday,False,True
20270512,2027-05-12,2027,2,5,May,19,3,Wednesday,False,True
20270513,2027-05-13,2027,2,5,May,19,4,Thursday,False,True
20270514,2027-05-14,2027,2,5,May,19,5,Friday,False,True
20270515,2027-05-15,2027,2,5,May,19,6,Saturday,True,False
20270516,2027-05-16,2027,2,5,May,19,7,Sunday,True,False
20270517,2027-05-17,2027,2,5,May,20,1,Monday,False,True
20270518,2027-05-18,2027,2,5,May,20,2,Tuesday,False,True
20270519,2027-05-19,2027,2,5,May,20,3,Wednesday,False,True
20270520,2027-05-20,2027,2,5,May,20,4,Thursday,False,True
20270521,2027-05-21,2027,2,5,May,20,5,Friday,False,True
20270522,2027-05-22,2027,2,5,May,20,6,Saturday,True,False
20270523,2027-05-23,2027,2,5,May,20,7,Sunday,True,False
20270524,2027-05-24,2027,2,5,May,21,1,Monday,False,True
20270525,2027-05-25,2027,2,5,May,21,2,Tuesday,False,True
20270526,2027-05-26,2027,2,5,May,21,3,Wednesday,False,True
20270527,2027-05-27,2027,2,5,May,21,4,Thursday,False,True
20270528,2027-05-28,2027,2,5,May,21,5,Friday,False,True
20270529,2027-05-29,2027,2,5,May,21,6,Saturday,True,False
20270530,2027-05-30,2027,2,5,May,21,7,Sunday,True,False
20270531,2027-05-31,2027,2,5,May,22,1,Monday,False,True
20270601,2027-06-01,2027,2,6,June,22,2,Tuesday,False,True
20270602,2027-06-02,2027,2,6,June,22,3,Wednesday,False,True
20270603,2027-06-03,2027,2,6,June,22,4,Thursday,False,True
20270604,2027-06-04,2027,2,6,June,22,5,Friday,False,True
20270605,2027-06-05,2027,2,6,June,22,6,Saturday,True,False
20270606,2027-06-06,2027,2,6,June,22,7,Sunday,True,False
20270607,2027-06-07,2027,2,6,June,23,1,Monday,False,True
20270608,2027-06-08,2027,2,6,June,23,2,Tuesday,False,True
20270609,2027-06-09,2027,2,6,June,23,3,Wednesday,False,True
20270610,2027-06-10,2027,2,6,June,23,4,Thursday,False,True
20270611,2027-06-11,2027,2,6,June,23,5,Friday,False,True
20270612,2027-06-12,2027,2,6,June,23,6,Saturday,True,False
20270613,2027-06-13,2027,2,6,June,23,7,Sunday,True,False
20270614,2027-06-14,2027,2,6,June,24,1,Monday,False,True
20270615,2027-06-15,2027,2,6,June,24,2,Tuesday,False,True
20270616,2027-06-16,2027,2,6,June,24,3,Wednesday,False,True
20270617,2027-06-17,2027,2,6,June,24,4,Thursday,False,True
20270618,2027-06-18,2027,2,6,June,24,5,Friday,False,True
20270619,2027-06-19,2027,2,6,June,24,6,Saturday,True,False
20270620,2027-06-20,2027,2,6,June,24,7,Sunday,True,False
20270621,2027-06-21,2027,2,6,June,25,1,Monday,False,True
20270622,2027-06-22,2027,2,6,June,25,2,Tuesday,False,True
20270623,2027-06-23,2027,2,6,June,25,3,Wednesday,False,True
20270624,2027-06-24,2027,2,6,June,25,4,Thursday,False,True
20270625,2027-06-25,2027,2,6,June,25,5,Friday,False,True
20270626,2027-06-26,2027,2,6,June,25,6,Saturday,True,False
20270627,2027-06-27,2027,2,6,June,25,7,Sunday,True,False
20270628,2027-06-28,2027,2,6,June,26,1,Monday,False,True
20270629,2027-06-29,2027,2,6,June,26,2,Tuesday,False,True
20270630,2027-06-30,2027,2,6,June,26,3,Wednesday,False,True
20270701,2027-07-01,2027,3,7,July,26,4,Thursday,False,True
20270702,2027-07-02,2027,3,7,July,26,5,Friday,False,True
20270703,2027-07-03,2027,3,7,July,26,6,Saturday,True,False
20270704,2027-07-04,2027,3,7,July,26,7,Sunday,True,False
20270705,2027-07-05,2027,3,7,July,27,1,Monday,False,True
20270706,2027-07-06,2027,3,7,July,27,2,Tuesday,False,True
20270707,2027-07-07,2027,3,7,July,27,3,Wednesday,False,True
20270708,2027-07-08,2027,3,7,July,27,4,Thursday,False,True
20270709,2027-07-09,2027,3,7,July,27,5,Friday,False,True
20270710,2027-07-10,2027,3,7,July,27,6,Saturday,True,False
20270711,2027-07-11,2027,3,7,July,27,7,Sunday,True,False
20270712,2027-07-12,2027,3,7,July,28,1,Monday,False,True
20270713,2027-07-13,2027,3,7,July,28,2,Tuesday,False,True
20270714,2027-07-14,2027,3,7,July,28,3,Wednesday,False,True
20270715,2027-07-15,2027,3,7,July,28,4,Thursday,False,True
20270716,2027-07-16,2027,3,7,July,28,5,Friday,False,True
20270717,2027-07-17,2027,3,7,July,28,6,Saturday,True,False
20270718,2027-07-18,2027,3,7,July,28,7,Sunday,True,False
20270719,2027-07-19,2027,3,7,July,29,1,Monday,False,True
20270720,2027-07-20,2027,3,7,July,29,2,Tuesday,False,True
20270721,2027-07-21,2027,3,7,July,29,3,Wednesday,False,True
20270722,2027-07-22,2027,3,7,July,29,4,Thursday,False,True
20270723,2027-07-23,2027,3,7,July,29,5,Friday,False,True
20270724,2027-07-24,2027,3,7,July,29,6,Saturday,True,False
20270725,2027-07-25,2027,3,7,July,29,7,Sunday,True,False
20270726,2027-07-26,2027,3,7,July,30,1,Monday,False,True
20270727,2027-07-27,2027,3,7,July,30,2,Tuesday,False,True
20270728,2027-07-28,2027,3,7,July,30,3,Wednesday,False,True
20270729,2027-07-29,2027,3,7,July,30,4,Thursday,False,True
20270730,2027-07-30,2027,3,7,July,30,5,Friday,False,True
20270731,2027-07-31,2027,3,7,July,30,6,Saturday,True,False
20270801,2027-08-01,2027,3,8,August,30,7,Sunday,True,False
20270802,2027-08-02,2027,3,8,August,31,1,Monday,False,True
20270803,2027-08-03,2027,3,8,August,31,2,Tuesday,False,True
20270804,2027-08-04,2027,3,8,August,31,3,Wednesday,False,True
20270805,2027-08-05,2027,3,8,August,31,4,Thursday,False,True
20270806,2027-08-06,2027,3,8,August,31,5,Friday,False,True
20270807,2027-08-07,2027,3,8,August,31,6,Saturday,True,False
20270808,2027-08-08,2027,3,8,August,31,7,Sunday,True,False
20270809,2027-08-09,2027,3,8,August,32,1,Monday,False,True
20270810,2027-08-10,2027,3,8,August,32,2,Tuesday,False,True
20270811,2027-08-11,2027,3,8,August,32,3,Wednesday,False,True
20270812,2027-08-12,2027,3,8,August,32,4,Thursday,False,True
20270813,2027-08-13,2027,3,8,August,32,5,Friday,False,True
20270814,2027-08-14,2027,3,8,August,32,6,Saturday,True,False
20270815,2027-08-15,2027,3,8,August,32,7,Sunday,True,False
20270816,2027-08-16,2027,3,8,August,33,1,Monday,False,True
20270817,2027-08-17,2027,3,8,August,33,2,Tuesday,False,True
20270818,2027-08-18,2027,3,8,August,33,3,Wednesday,False,True
20270819,2027-08-19,2027,3,8,August,33,4,Thursday,False,True
20270820,2027-08-20,2027,3,8,August,33,5,Friday,False,True
20270821,2027-08-21,2027,3,8,August,33,6,Saturday,True,False
20270822,2027-08-22,2027,3,8,August,33,7,Sunday,True,False
20270823,2027-08-23,2027,3,8,August,34,1,Monday,False,True
20270824,2027-08-24,2027,3,8,August,34,2,Tuesday,False,True
20270825,2027-08-25,2027,3,8,August,34,3,Wednesday,False,True
20270826,2027-08-26,2027,3,8,August,34,4,Thursday,False,True
20270827,2027-08-27,2027,3,8,August,34,5,Friday,False,True
20270828,2027-08-28,2027,3,8,August,34,6,Saturday,True,False
20270829,2027-08-29,2027,3,8,August,34,7,Sunday,True,False
20270830,2027-08-30,2027,3,8,August,35,1,Monday,False,True
20270831,2027-08-31,2027,3,8,August,35,2,Tuesday,False,True
20270901,2027-09-01,2027,3,9,September,35,3,Wednesday,False,True
20270902,2027-09-02,2027,3,9,September,35,4,Thursday,False,True
20270903,2027-09-03,2027,3,9,September,35,5,Friday,False,True
20270904,2027-09-04,2027,3,9,September,35,6,Saturday,True,False
20270905,2027-09-05,2027,3,9,September,35,7,Sunday,True,False
20270906,2027-09-06,2027,3,9,September,36,1,Monday,False,True
20270907,2027-09-07,2027,3,9,September,36,2,Tuesday,False,False
20270908,2027-09-08,2027,3,9,September,36,3,Wednesday,False,True
20270909,2027-09-09,2027,3,9,September,36,4,Thursday,False,True
20270910,2027-09-10,2027,3,9,September,36,5,Friday,False,True
20270911,2027-09-11,2027,3,9,September,36,6,Saturday,True,False
20270912,2027-09-12,2027,3,9,September,36,7,Sunday,True,False
20270913,2027-09-13,2027,3,9,September,37,1,Monday,False,True
20270914,2027-09-14,2027,3,9,September,37,2,Tuesday,False,True
20270915,2027-09-15,2027,3,9,September,37,3,Wednesday,False,True
20270916,2027-09-16,2027,3,9,September,37,4,Thursday,False,True
20270917,2027-09-17,2027,3,9,September,37,5,Friday,False,True
20270918,2027-09-18,2027,3,9,September,37,6,Saturday,True,False
20270919,2027-09-19,2027,3,9,September,37,7,Sunday,True,False
20270920,2027-09-20,2027,3,9,September,38,1,Monday,False,True
20270921,2027-09-21,2027,3,9,September,38,2,Tuesday,False,True
20270922,2027-09-22,2027,3,9,September,38,3,Wednesday,False,True
20270923,2027-09-23,2027,3,9,September,38,4,Thursday,False,True
20270924,2027-09-24,2027,3,9,September,38,5,Friday,False,True
20270925,2027-09-25,2027,3,9,September,38,6,Saturday,True,False
20270926,2027-09-26,2027,3,9,September,38,7,Sunday,True,False
20270927,2027-09-27,2027,3,9,September,39,1,Monday,False,True
20270928,2027-09-28,2027,3,9,September,39,2,Tuesday,False,True
20270929,2027-09-29,2027,3,9,September,39,3,Wednesday,False,True
20270930,2027-09-30,2027,3,9,September,39,4,Thursday,False,True
20271001,2027-10-01,2027,4,10,October,39,5,Friday,False,True
20271002,2027-10-02,2027,4,10,October,39,6,Saturday,True,False
20271003,2027-10-03,2027,4,10,October,39,7,Sunday,True,False
20271004,2027-10-04,2027,4,10,October,40,1,Monday,False,True
20271005,2027-10-05,2027,4,10,October,40,2,Tuesday,False,True
20271006,2027-10-06,2027,4,10,October,40,3,Wednesday,False,True
20271007,2027-10-07,2027,4,10,October,40,4,Thursday,False,True
20271008,2027-10-08,2027,4,10,October,40,5,Friday,False,True
20271009,2027-10-09,2027,4,10,October,40,6,Saturday,True,False
20271010,2027-10-10,2027,4,10,October,40,7,Sunday,True,False
20271011,2027-10-11,2027,4,10,October,41,1,Monday,False,True
20271012,2027-10-12,2027,4,10,October,41,2,Tuesday,False,False
20271013,2027-10-13,2027,4,10,October,41,3,Wednesday,False,True
20271014,2027-10-14,2027,4,10,October,41,4,Thursday,False,True
20271015,2027-10-15,2027,4,10,October,41,5,Friday,False,True
20271016,2027-10-16,2027,4,10,October,41,6,Saturday,True,False
20271017,2027-10-17,2027,4,10,October,41,7,Sunday,True,False
20271018,2027-10-18,2027,4,10,October,42,1,Monday,False,True
20271019,2027-10-19,2027,4,10,October,42,2,Tuesday,False,True
20271020,2027-10-20,2027,4,10,October,42,3,Wednesday,False,True
20271021,2027-10-21,2027,4,10,October,42,4,Thursday,False,True
20271022,2027-10-22,2027,4,10,October,42,5,Friday,False,True
20271023,2027-10-23,2027,4,10,October,42,6,Saturday,True,False
20271024,2027-10-24,2027,4,10,October,42,7,Sunday,True,False
20271025,2027-10-25,2027,4,10,October,43,1,Monday,False,True
20271026,2027-10-26,2027,4,10,October,43,2,Tuesday,False,True
20271027,2027-10-27,2027,4,10,October,43,3,Wednesday,False,True
20271028,2027-10-28,2027,4,10,October,43,4,Thursday,False,True
20271029,2027-10-29,2027,4,10,October,43,5,Friday,False,True
20271030,2027-10-30,2027,4,10,October,43,6,Saturday,True,False
20271031,2027-10-31,2027,4,10,October,43,7,Sunday,True,False
20271101,2027-11-01,2027,4,11,November,44,1,Monday,False,True
20271102,2027-11-02,2027,4,11,November,44,2,Tuesday,False,False
20271103,2027-11-03,2027,4,11,November,44,3,Wednesday,False,True
20271104,2027-11-04,2027,4,11,November,44,4,Thursday,False,True
20271105,2027-11-05,2027,4,11,November,44,5,Friday,False,True
20271106,2027-11-06,2027,4,11,November,44,6,Saturday,True,False
20271107,2027-11-07,2027,4,11,November,44,7,Sunday,True,False
20271108,2027-11-08,2027,4,11,November,45,1,Monday,False,True
20271109,2027-11-09,2027,4,11,November,45,2,Tuesday,False,True
20271110,2027-11-10,2027,4,11,November,45,3,Wednesday,False,True
20271111,2027-11-11,2027,4,11,November,45,4,Thursday,False,True
20271112,2027-11-12,2027,4,11,November,45,5,Friday,False,True
20271113,2027-11-13,2027,4,11,November,45,6,Saturday,True,False
20271114,2027-11-14,2027,4,11,November,45,7,Sunday,True,False
20271115,2027-11-15,2027,4,11,November,46,1,Monday,False,False
20271116,2027-11-16,2027,4,11,November,46,2,Tuesday,False,True
20271117,2027-11-17,2027,4,11,November,46,3,Wednesday,False,True
20271118,2027-11-18,2027,4,11,November,46,4,Thursday,False,True
20271119,2027-11-19,2027,4,11,November,46,5,Friday,False,True
20271120,2027-11-20,2027,4,11,November,46,6,Saturday,True,False
20271121,2027-11-21,2027,4,11,November,46,7,Sunday,True,False
20271122,2027-11-22,2027,4,11,November,47,1,Monday,False,True
20271123,2027-11-23,2027,4,11,November,47,2,Tuesday,False,True
20271124,2027-11-24,2027,4,11,November,47,3,Wednesday,False,True
20271125,2027-11-25,2027,4,11,November,47,4,Thursday,False,True
20271126,2027-11-26,2027,4,11,November,47,5,Friday,False,True
20271127,2027-11-27,2027,4,11,November,47,6,Saturday,True,False
20271128,2027-11-28,2027,4,11,November,47,7,Sunday,True,False
20271129,2027-11-29,2027,4,11,November,48,1,Monday,False,True
20271130,2027-11-30,2027,4,11,November,48,2,Tuesday,False,True
20271201,2027-12-01,2027,4,12,December,48,3,Wednesday,False,True
20271202,2027-12-02,2027,4,12,December,48,4,Thursday,False,True
20271203,2027-12-03,2027,4,12,December,48,5,Friday,False,True
20271204,2027-12-04,2027,4,12,December,48,6,Saturday,True,False
20271205,2027-12-05,2027,4,12,December,48,7,Sunday,True,False
20271206,2027-12-06,2027,4,12,December,49,1,Monday,False,True
20271207,2027-12-07,2027,4,12,December,49,2,Tuesday,False,True
20271208,2027-12-08,2027,4,12,December,49,3,Wednesday,False,True
20271209,2027-12-09,2027,4,12,December,49,4,Thursday,False,True
20271210,2027-12-10,2027,4,12,December,49,5,Friday,False,True
20271211,2027-12-11,2027,4,12,December,49,6,Saturday,True,False
20271212,2027-12-12,2027,4,12,December,49,7,Sunday,True,False
20271213,2027-12-13,2027,4,12,December,50,1,Monday,False,True
20271214,2027-12-14,2027,4,12,December,50,2,Tuesday,False,True
20271215,2027-12-15,2027,4,12,December,50,3,Wednesday,False,True
20271216,2027-12-16,2027,4,12,December,50,4,Thursday,False,True
20271217,2027-12-17,2027,4,12,December,50,5,Friday,False,True
20271218,2027-12-18,2027,4,12,December,50,6,Saturday,True,False
20271219,2027-12-19,2027,4,12,December,50,7,Sunday,True,False
20271220,2027-12-20,2027,4,12,December,51,1,Monday,False,True
20271221,2027-12-21,2027,4,12,December,51,2,Tuesday,False,True
20271222,2027-12-22,2027,4,12,December,51,3,Wednesday,False,True
20271223,2027-12-23,2027,4,12,December,51,4,Thursday,False,True
20271224,2027-12-24,2027,4,12,December,51,5,Friday,False,True
20271225,2027-12-25,2027,4,12,December,51,6,Saturday,True,False
20271226,2027-12-26,2027,4,12,December,51,7,Sunday,True,False
20271227,2027-12-27,2027,4,12,December,52,1,Monday,False,True
20271228,2027-12-28,2027,4,12,December,52,2,Tuesday,False,True
20271229,2027-12-29,2027,4,12,December,52,3,Wednesday,False,True
20271230,2027-12-30,2027,4,12,December,52,4,Thursday,False,True
20271231,2027-12-31,2027,4,12,December,52,5,Friday,False,True
20280101,2028-01-01,2028,1,1,January,52,6,Saturday,True,False
20280102,2028-01-02,2028,1,1,January,52,7,Sunday,True,False
20280103,2028-01-03,2028,1,1,January,1,1,Monday,False,True
20280104,2028-01-04,2028,1,1,January,1,2,Tuesday,False,True
20280105,2028-01-05,2028,1,1,January,1,3,Wednesday,False,True
20280106,2028-01-06,2028,1,1,January,1,4,Thursday,False,True
20280107,2028-01-07,2028,1,1,January,1,5,Friday,False,True
20280108,2028-01-08,2028,1,1,January,1,6,Saturday,True,False
20280109,2028-01-09,2028,1,1,January,1,7,Sunday,True,False
20280110,2028-01-10,2028,1,1,January,2,1,Monday,False,True
20280111,2028-01-11,2028,1,1,January,2,2,Tuesday,False,True
20280112,2028-01-12,2028,1,1,January,2,3,Wednesday,False,True
20280113,2028-01-13,2028,1,1,January,2,4,Thursday,False,True
20280114,2028-01-14,2028,1,1,January,2,5,Friday,False,True
20280115,2028-01-15,2028,1,1,January,2,6,Saturday,True,False
20280116,2028-01-16,2028,1,1,January,2,7,Sunday,True,False
20280117,2028-01-17,2028,1,1,January,3,1,Monday,False,True
20280118,2028-01-18,2028,1,1,January,3,2,Tuesday,False,True
20280119,2028-01-19,2028,1,1,January,3,3,Wednesday,False,True
20280120,2028-01-20,2028,1,1,January,3,4,Thursday,False,True
20280121,2028-01-21,2028,1,1,January,3,5,Friday,False,True
20280122,2028-01-22,2028,1,1,January,3,6,Saturday,True,False
20280123,2028-01-23,2028,1,1,January,3,7,Sunday,True,False
20280124,2028-01-24,2028,1,1,January,4,1,Monday,False,True
20280125,2028-01-25,2028,1,1,January,4,2,Tuesday,False,True
20280126,2028-01-26,2028,1,1,January,4,3,Wednesday,False,True
20280127,2028-01-27,2028,1,1,January,4,4,Thursday,False,True
20280128,2028-01-28,2028,1,1,January,4,5,Friday,False,True
20280129,2028-01-29,2028,1,1,January,4,6,Saturday,True,False
20280130,2028-01-30,2028,1,1,January,4,7,Sunday,True,False
20280131,2028-01-31,2028,1,1,January,5,1,Monday,False,True
20280201,2028-02-01,2028,1,2,February,5,2,Tuesday,False,True
20280202,2028-02-02,2028,1,2,February,5,3,Wednesday,False,True
20280203,2028-02-03,2028,1,2,February,5,4,Thursday,False,True
20280204,2028-02-04,2028,1,2,February,5,5,Friday,False,True
20280205,2028-02-05,2028,1,2,February,5,6,Saturday,True,False
20280206,2028-02-06,2028,1,2,February,5,7,Sunday,True,False
20280207,2028-02-07,2028,1,2,February,6,1,Monday,False,True
20280208,2028-02-08,2028,1,2,February,6,2,Tuesday,False,True
20280209,2028-02-09,2028,1,2,February,6,3,Wednesday,False,True
20280210,2028-02-10,2028,1,2,February,6,4,Thursday,False,True
20280211,2028-02-11,2028,1,2,February,6,5,Friday,False,True
20280212,2028-02-12,2028,1,2,February,6,6,Saturday,True,False
20280213,2028-02-13,2028,1,2,February,6,7,Sunday,True,False
20280214,2028-02-14,2028,1,2,February,7,1,Monday,False,True
20280215,2028-02-15,2028,1,2,February,7,2,Tuesday,False,True
20280216,2028-02-16,2028,1,2,February,7,3,Wednesday,False,True
20280217,2028-02-17,2028,1,2,February,7,4,Thursday,False,True
20280218,2028-02-18,2028,1,2,February,7,5,Friday,False,True
20280219,2028-02-19,2028,1,2,February,7,6,Saturday,True,False
20280220,2028-02-20,2028,1,2,February,7,7,Sunday,True,False
20280221,2028-02-21,2028,1,2,February,8,1,Monday,False,True
20280222,2028-02-22,2028,1,2,February,8,2,Tuesday,False,True
20280223,2028-02-23,2028,1,2,February,8,3,Wednesday,False,True
20280224,2028-02-24,2028,1,2,February,8,4,Thursday,False,True
20280225,2028-02-25,2028,1,2,February,8,5,Friday,False,True
20280226,2028-02-26,2028,1,2,February,8,6,Saturday,True,False
20280227,2028-02-27,2028,1,2,February,8,7,Sunday,True,False
20280228,2028-02-28,2028,1,2,February,9,1,Monday,False,True
20280229,2028-02-29,2028,1,2,February,9,2,Tuesday,False,True
20280301,2028-03-01,2028,1,3,March,9,3,Wednesday,False,True
20280302,2028-03-02,2028,1,3,March,9,4,Thursday,False,True
20280303,2028-03-03,2028,1,3,March,9,5,Friday,False,True
20280304,2028-03-04,2028,1,3,March,9,6,Saturday,True,False
20280305,2028-03-05,2028,1,3,March,9,7,Sunday,True,False
20280306,2028-03-06,2028,1,3,March,10,1,Monday,False,True
20280307,2028-03-07,2028,1,3,March,10,2,Tuesday,False,True
20280308,2028-03-08,2028,1,3,March,10,3,Wednesday,False,True
20280309,2028-03-09,2028,1,3,March,10,4,Thursday,False,True
20280310,2028-03-10,2028,1,3,March,10,5,Friday,False,True
20280311,2028-03-11,2028,1,3,March,10,6,Saturday,True,False
20280312,2028-03-12,2028,1,3,March,10,7,Sunday,True,False
20280313,2028-03-13,2028,1,3,March,11,1,Monday,False,True
20280314,2028-03-14,2028,1,3,March,11,2,Tuesday,False,True
20280315,2028-03-15,2028,1,3,March,11,3,Wednesday,False,True
20280316,2028-03-16,2028,1,3,March,11,4,Thursday,False,True
20280317,2028-03-17,2028,1,3,March,11,5,Friday,False,True
20280318,2028-03-18,2028,1,3,March,11,6,Saturday,True,False
20280319,2028-03-19,2028,1,3,March,11,7,Sunday,True,False
20280320,2028-03-20,2028,1,3,March,12,1,Monday,False,True
20280321,2028-03-21,2028,1,3,March,12,2,Tuesday,False,True
20280322,2028-03-22,2028,1,3,March,12,3,Wednesday,False,True
20280323,2028-03-23,2028,1,3,March,12,4,Thursday,False,True
20280324,2028-03-24,2028,1,3,March,12,5,Friday,False,True
20280325,2028-03-25,2028,1,3,March,12,6,Saturday,True,False
20280326,2028-03-26,2028,1,3,March,12,7,Sunday,True,False
20280327,2028-03-27,2028,1,3,March,13,1,Monday,False,True
20280328,2028-03-28,2028,1,3,March,13,2,Tuesday,False,True
20280329,2028-03-29,2028,1,3,March,13,3,Wednesday,False,True
20280330,2028-03-30,2028,1,3,March,13,4,Thursday,False,True
20280331,2028-03-31,2028,1,3,March,13,5,Friday,False,True
20280401,2028-04-01,2028,2,4,April,13,6,Saturday,True,False
20280402,2028-04-02,2028,2,4,April,13,7,Sunday,True,False
20280403,2028-04-03,2028,2,4,April,14,1,Monday,False,True
20280404,2028-04-04,2028,2,4,April,14,2,Tuesday,False,True
20280405,2028-04-05,2028,2,4,April,14,3,Wednesday,False,True
20280406,2028-04-06,2028,2,4,April,14,4,Thursday,False,True
20280407,2028-04-07,2028,2,4,April,14,5,Friday,False,True
20280408,2028-04-08,2028,2,4,April,14,6,Saturday,True,False
20280409,2028-04-09,2028,2,4,April,14,7,Sunday,True,False
20280410,2028-04-10,2028,2,4,April,15,1,Monday,False,True
20280411,2028-04-11,2028,2,4,April,15,2,Tuesday,False,True
20280412,2028-04-12,2028,2,4,April,15,3,Wednesday,False,True
20280413,2028-04-13,2028,2,4,April,15,4,Thursday,False,True
20280414,2028-04-14,2028,2,4,April,15,5,Friday,False,True
20280415,2028-04-15,2028,2,4,April,15,6,Saturday,True,False
20280416,2028-04-16,2028,2,4,April,15,7,Sunday,True,False
20280417,2028-04-17,2028,2,4,April,16,1,Monday,False,True
20280418,2028-04-18,2028,2,4,April,16,2,Tuesday,False,True
20280419,2028-04-19,2028,2,4,April,16,3,Wednesday,False,True
20280420,2028-04-20,2028,2,4,April,16,4,Thursday,False,True
20280421,2028-04-21,2028,2,4,April,16,5,Friday,False,False
20280422,2028-04-22,2028,2,4,April,16,6,Saturday,True,False
20280423,2028-04-23,2028,2,4,April,16,7,Sunday,True,False
20280424,2028-04-24,2028,2,4,April,17,1,Monday,False,True
20280425,2028-04-25,2028,2,4,April,17,2,Tuesday,False,True
20280426,2028-04-26,2028,2,4,April,17,3,Wednesday,False,True
20280427,2028-04-27,2028,2,4,April,17,4,Thursday,False,True
20280428,2028-04-28,2028,2,4,April,17,5,Friday,False,True
20280429,2028-04-29,2028,2,4,April,17,6,Saturday,True,False
20280430,2028-04-30,2028,2,4,April,17,7,Sunday,True,False
20280501,2028-05-01,2028,2,5,May,18,1,Monday,False,False
20280502,2028-05-02,2028,2,5,May,18,2,Tuesday,False,True
20280503,2028-05-03,2028,2,5,May,18,3,Wednesday,False,True
20280504,2028-05-04,2028,2,5,May,18,4,Thursday,False,True
20280505,2028-05-05,2028,2,5,May,18,5,Friday,False,True
20280506,2028-05-06,2028,2,5,May,18,6,Saturday,True,False
20280507,2028-05-07,2028,2,5,May,18,7,Sunday,True,False
20280508,2028-05-08,2028,2,5,May,19,1,Monday,False,True
20280509,2028-05-09,2028,2,5,May,19,2,Tuesday,False,True
20280510,2028-05-10,2028,2,5,May,19,3,Wednesday,False,True
20280511,2028-05-11,2028,2,5,May,19,4,Thursday,False,True
20280512,2028-05-12,2028,2,5,May,19,5,Friday,False,True
20280513,2028-05-13,2028,2,5,May,19,6,Saturday,True,False
20280514,2028-05-14,2028,2,5,May,19,7,Sunday,True,False
20280515,2028-05-15,2028,2,5,May,20,1,Monday,False,True
20280516,2028-05-16,2028,2,5,May,20,2,Tuesday,False,True
20280517,2028-05-17,2028,2,5,May,20,3,Wednesday,False,True
20280518,2028-05-18,2028,2,5,May,20,4,Thursday,False,True
20280519,2028-05-19,2028,2,5,May,20,5,Friday,False,True
20280520,2028-05-20,2028,2,5,May,20,6,Saturday,True,False
20280521,2028-05-21,2028,2,5,May,20,7,Sunday,True,False
20280522,2028-05-22,2028,2,5,May,21,1,Monday,False,True
20280523,2028-05-23,2028,2,5,May,21,2,Tuesday,False,True
20280524,2028-05-24,2028,2,5,May,21,3,Wednesday,False,True
20280525,2028-05-25,2028,2,5,May,21,4,Thursday,False,True
20280526,2028-05-26,2028,2,5,May,21,5,Friday,False,True
20280527,2028-05-27,2028,2,5,May,21,6,Saturday,True,False
20280528,2028-05-28,2028,2,5,May,21,7,Sunday,True,False
20280529,2028-05-29,2028,2,5,May,22,1,Monday,False,True
20280530,2028-05-30,2028,2,5,May,22,2,Tuesday,False,True
20280531,2028-05-31,2028,2,5,May,22,3,Wednesday,False,True
20280601,2028-06-01,2028,2,6,June,22,4,Thursday,False,True
20280602,2028-06-02,2028,2,6,June,22,5,Friday,False,True
20280603,2028-06-03,2028,2,6,June,22,6,Saturday,True,False
20280604,2028-06-04,2028,2,6,June,22,7,Sunday,True,False
20280605,2028-06-05,2028,2,6,June,23,1,Monday,False,True
20280606,2028-06-06,2028,2,6,June,23,2,Tuesday,False,True
20280607,2028-06-07,2028,2,6,June,23,3,Wednesday,False,True
20280608,2028-06-08,2028,2,6,June,23,4,Thursday,False,True
20280609,2028-06-09,2028,2,6,June,23,5,Friday,False,True
20280610,2028-06-10,2028,2,6,June,23,6,Saturday,True,False
20280611,2028-06-11,2028,2,6,June,23,7,Sunday,True,False
20280612,2028-06-12,2028,2,6,June,24,1,Monday,False,True
20280613,2028-06-13,2028,2,6,June,24,2,Tuesday,False,True
20280614,2028-06-14,2028,2,6,June,24,3,Wednesday,False,True
20280615,2028-06-15,2028,2,6,June,24,4,Thursday,False,True
20280616,2028-06-16,2028,2,6,June,24,5,Friday,False,True
20280617,2028-06-17,2028,2,6,June,24,6,Saturday,True,False
20280618,2028-06-18,2028,2,6,June,24,7,Sunday,True,False
20280619,2028-06-19,2028,2,6,June,25,1,Monday,False,True
20280620,2028-06-20,2028,2,6,June,25,2,Tuesday,False,True
20280621,2028-06-21,2028,2,6,June,25,3,Wednesday,False,True
20280622,2028-06-22,2028,2,6,June,25,4,Thursday,False,True
20280623,2028-06-23,2028,2,6,June,25,5,Friday,False,True
20280624,2028-06-24,2028,2,6,June,25,6,Saturday,True,False
20280625,2028-06-25,2028,2,6,June,25,7,Sunday,True,False
20280626,2028-06-26,2028,2,6,June,26,1,Monday,False,True
20280627,2028-06-27,2028,2,6,June,26,2,Tuesday,False,True
20280628,2028-06-28,2028,2,6,June,26,3,Wednesday,False,True
20280629,2028-06-29,2028,2,6,June,26,4,Thursday,False,True
20280630,2028-06-30,2028,2,6,June,26,5,Friday,False,True
20280701,2028-07-01,2028,3,7,July,26,6,Saturday,True,False
20280702,2028-07-02,2028,3,7,July,26,7,Sunday,True,False
20280703,2028-07-03,2028,3,7,July,27,1,Monday,False,True
20280704,2028-07-04,2028,3,7,July,27,2,Tuesday,False,True
20280705,2028-07-05,2028,3,7,July,27,3,Wednesday,False,True
20280706,2028-07-06,2028,3,7,July,27,4,Thursday,False,True
20280707,2028-07-07,2028,3,7,July,27,5,Friday,False,True
20280708,2028-07-08,2028,3,7,July,27,6,Saturday,True,False
20280709,2028-07-09,2028,3,7,July,27,7,Sunday,True,False
20280710,2028-07-10,2028,3,7,July,28,1,Monday,False,True
20280711,2028-07-11,2028,3,7,July,28,2,Tuesday,False,True
20280712,2028-07-12,2028,3,7,July,28,3,Wednesday,False,True
20280713,2028-07-13,2028,3,7,July,28,4,Thursday,False,True
20280714,2028-07-14,2028,3,7,July,28,5,Friday,False,True
20280715,2028-07-15,2028,3,7,July,28,6,Saturday,True,False
20280716,2028-07-16,2028,3,7,July,28,7,Sunday,True,False
20280717,2028-07-17,2028,3,7,July,29,1,Monday,False,True
20280718,2028-07-18,2028,3,7,July,29,2,Tuesday,False,True
20280719,2028-07-19,2028,3,7,July,29,3,Wednesday,False,True
20280720,2028-07-20,2028,3,7,July,29,4,Thursday,False,True
20280721,2028-07-21,2028,3,7,July,29,5,Friday,False,True
20280722,2028-07-22,2028,3,7,July,29,6,Saturday,True,False
20280723,2028-07-23,2028,3,7,July,29,7,Sunday,True,False
20280724,2028-07-24,2028,3,7,July,30,1,Monday,False,True
20280725,2028-07-25,2028,3,7,July,30,2,Tuesday,False,True
20280726,2028-07-26,2028,3,7,July,30,3,Wednesday,False,True
20280727,2028-07-27,2028,3,7,July,30,4,Thursday,False,True
20280728,2028-07-28,2028,3,7,July,30,5,Friday,False,True
20280729,2028-07-29,2028,3,7,July,30,6,Saturday,True,False
20280730,2028-07-30,2028,3,7,July,30,7,Sunday,True,False
20280731,2028-07-31,2028,3,7,July,31,1,Monday,False,True
20280801,2028-08-01,2028,3,8,August,31,2,Tuesday,False,True
20280802,2028-08-02,2028,3,8,August,31,3,Wednesday,False,True
20280803,2028-08-03,2028,3,8,August,31,4,Thursday,False,True
20280804,2028-08-04,2028,3,8,August,31,5,Friday,False,True
20280805,2028-08-05,2028,3,8,August,31,6,Saturday,True,False
20280806,2028-08-06,2028,3,8,August,31,7,Sunday,True,False
20280807,2028-08-07,2028,3,8,August,32,1,Monday,False,True
20280808,2028-08-08,2028,3,8,August,32,2,Tuesday,False,True
20280809,2028-08-09,2028,3,8,August,32,3,Wednesday,False,True
20280810,2028-08-10,2028,3,8,August,32,4,Thursday,False,True
20280811,2028-08-11,2028,3,8,August,32,5,Friday,False,True
20280812,2028-08-12,2028,3,8,August,32,6,Saturday,True,False
20280813,2028-08-13,2028,3,8,August,32,7,Sunday,True,False
20280814,2028-08-14,2028,3,8,August,33,1,Monday,False,True
20280815,2028-08-15,2028,3,8,August,33,2,Tuesday,False,True
20280816,2028-08-16,2028,3,8,August,33,3,Wednesday,False,True
20280817,2028-08-17,2028,3,8,August,33,4,Thursday,False,True
20280818,2028-08-18,2028,3,8,August,33,5,Friday,False,True
20280819,2028-08-19,2028,3,8,August,33,6,Saturday,True,False
20280820,2028-08-20,2028,3,8,August,33,7,Sunday,True,False
20280821,2028-08-21,2028,3,8,August,34,1,Monday,False,True
20280822,2028-08-22,2028,3,8,August,34,2,Tuesday,False,True
20280823,2028-08-23,2028,3,8,August,34,3,Wednesday,False,True
20280824,2028-08-24,2028,3,8,August,34,4,Thursday,False,True
20280825,2028-08-25,2028,3,8,August,34,5,Friday,False,True
20280826,2028-08-26,2028,3,8,August,34,6,Saturday,True,False
20280827,2028-08-27,2028,3,8,August,34,7,Sunday,True,False
20280828,2028-08-28,2028,3,8,August,35,1,Monday,False,True
20280829,2028-08-29,2028,3,8,August,35,2,Tuesday,False,True
20280830,2028-08-30,2028,3,8,August,35,3,Wednesday,False,True
20280831,2028-08-31,2028,3,8,August,35,4,Thursday,False,True
20280901,2028-09-01,2028,3,9,September,35,5,Friday,False,True
20280902,2028-09-02,2028,3,9,September,35,6,Saturday,True,False
20280903,2028-09-03,2028,3,9,September,35,7,Sunday,True,False
20280904,2028-09-04,2028,3,9,September,36,1,Monday,False,True
20280905,2028-09-05,2028,3,9,September,36,2,Tuesday,False,True
20280906,2028-09-06,2028,3,9,September,36,3,Wednesday,False,True
20280907,2028-09-07,2028,3,9,September,36,4,Thursday,False,False
20280908,2028-09-08,2028,3,9,September,36,5,Friday,False,True
20280909,2028-09-09,2028,3,9,September,36,6,Saturday,True,False
20280910,2028-09-10,2028,3,9,September,36,7,Sunday,True,False
20280911,2028-09-11,2028,3,9,September,37,1,Monday,False,True
20280912,2028-09-12,2028,3,9,September,37,2,Tuesday,False,True
20280913,2028-09-13,2028,3,9,September,37,3,Wednesday,False,True
20280914,2028-09-14,2028,3,9,September,37,4,Thursday,False,True
20280915,2028-09-15,2028,3,9,September,37,5,Friday,False,True
20280916,2028-09-16,2028,3,9,September,37,6,Saturday,True,False
20280917,2028-09-17,2028,3,9,September,37,7,Sunday,True,False
20280918,2028-09-18,2028,3,9,September,38,1,Monday,False,True
20280919,2028-09-19,2028,3,9,September,38,2,Tuesday,False,True
20280920,2028-09-20,2028,3,9,September,38,3,Wednesday,False,True
20280921,2028-09-21,2028,3,9,September,38,4,Thursday,False,True
20280922,2028-09-22,2028,3,9,September,38,5,Friday,False,True
20280923,2028-09-23,2028,3,9,September,38,6,Saturday,True,False
20280924,2028-09-24,2028,3,9,September,38,7,Sunday,True,False
20280925,2028-09-25,2028,3,9,September,39,1,Monday,False,True
20280926,2028-09-26,2028,3,9,September,39,2,Tuesday,False,True
20280927,2028-09-27,2028,3,9,September,39,3,Wednesday,False,True
20280928,2028-09-28,2028,3,9,September,39,4,Thursday,False,True
20280929,2028-09-29,2028,3,9,September,39,5,Friday,False,True
20280930,2028-09-30,2028,3,9,September,39,6,Saturday,True,False
20281001,2028-10-01,2028,4,10,October,39,7,Sunday,True,False
20281002,2028-10-02,2028,4,10,October,40,1,Monday,False,True
20281003,2028-10-03,2028,4,10,October,40,2,Tuesday,False,True
20281004,2028-10-04,2028,4,10,October,40,3,Wednesday,False,True
20281005,2028-10-05,2028,4,10,October,40,4,Thursday,False,True
20281006,2028-10-06,2028,4,10,October,40,5,Friday,False,True
20281007,2028-10-07,2028,4,10,October,40,6,Saturday,True,False
20281008,2028-10-08,2028,4,10,October,40,7,Sunday,True,False
20281009,2028-10-09,2028,4,10,October,41,1,Monday,False,True
20281010,2028-10-10,2028,4,10,October,41,2,Tuesday,False,True
20281011,2028-10-11,2028,4,10,October,41,3,Wednesday,False,True
20281012,2028-10-12,2028,4,10,October,41,4,Thursday,False,False
20281013,2028-10-13,2028,4,10,October,41,5,Friday,False,True
20281014,2028-10-14,2028,4,10,October,41,6,Saturday,True,False
20281015,2028-10-15,2028,4,10,October,41,7,Sunday,True,False
20281016,2028-10-16,2028,4,10,October,42,1,Monday,False,True
20281017,2028-10-17,2028,4,10,October,42,2,Tuesday,False,True
20281018,2028-10-18,2028,4,10,October,42,3,Wednesday,False,True
20281019,2028-10-19,2028,4,10,October,42,4,Thursday,False,True
20281020,2028-10-20,2028,4,10,October,42,5,Friday,False,True
20281021,2028-10-21,2028,4,10,October,42,6,Saturday,True,False
20281022,2028-10-22,2028,4,10,October,42,7,Sunday,True,False
20281023,2028-10-23,2028,4,10,October,43,1,Monday,False,True
20281024,2028-10-24,2028,4,10,October,43,2,Tuesday,False,True
20281025,2028-10-25,2028,4,10,October,43,3,Wednesday,False,True
20281026,2028-10-26,2028,4,10,October,43,4,Thursday,False,True
20281027,2028-10-27,2028,4,10,October,43,5,Friday,False,True
20281028,2028-10-28,2028,4,10,October,43,6,Saturday,True,False
20281029,2028-10-29,2028,4,10,October,43,7,Sunday,True,False
20281030,2028-10-30,2028,4,10,October,44,1,Monday,False,True
20281031,2028-10-31,2028,4,10,October,44,2,Tuesday,False,True
20281101,2028-11-01,2028,4,11,November,44,3,Wednesday,False,True
20281102,2028-11-02,2028,4,11,November,44,4,Thursday,False,False
20281103,2028-11-03,2028,4,11,November,44,5,Friday,False,True
20281104,2028-11-04,2028,4,11,November,44,6,Saturday,True,False
20281105,2028-11-05,2028,4,11,November,44,7,Sunday,True,False
20281106,2028-11-06,2028,4,11,November,45,1,Monday,False,True
20281107,2028-11-07,2028,4,11,November,45,2,Tuesday,False,True
20281108,2028-11-08,2028,4,11,November,45,3,Wednesday,False,True
20281109,2028-11-09,2028,4,11,November,45,4,Thursday,False,True
20281110,2028-11-10,2028,4,11,November,45,5,Friday,False,True
20281111,2028-11-11,2028,4,11,November,45,6,Saturday,True,False
20281112,2028-11-12,2028,4,11,November,45,7,Sunday,True,False
20281113,2028-11-13,2028,4,11,November,46,1,Monday,False,True
20281114,2028-11-14,2028,4,11,November,46,2,Tuesday,False,True
20281115,2028-11-15,2028,4,11,November,46,3,Wednesday,False,False
20281116,2028-11-16,2028,4,11,November,46,4,Thursday,False,True
20281117,2028-11-17,2028,4,11,November,46,5,Friday,False,True
20281118,2028-11-18,2028,4,11,November,46,6,Saturday,True,False
20281119,2028-11-19,2028,4,11,November,46,7,Sunday,True,False
20281120,2028-11-20,2028,4,11,November,47,1,Monday,False,True
20281121,2028-11-21,2028,4,11,November,47,2,Tuesday,False,True
20281122,2028-11-22,2028,4,11,November,47,3,Wednesday,False,True
20281123,2028-11-23,2028,4,11,November,47,4,Thursday,False,True
20281124,2028-11-24,2028,4,11,November,47,5,Friday,False,True
20281125,2028-11-25,2028,4,11,November,47,6,Saturday,True,False
20281126,2028-11-26,2028,4,11,November,47,7,Sunday,True,False
20281127,2028-11-27,2028,4,11,November,48,1,Monday,False,True
20281128,2028-11-28,2028,4,11,November,48,2,Tuesday,False,True
20281129,2028-11-29,2028,4,11,November,48,3,Wednesday,False,True
20281130,2028-11-30,2028,4,11,November,48,4,Thursday,False,True
20281201,2028-12-01,2028,4,12,December,48,5,Friday,False,True
20281202,2028-12-02,2028,4,12,December,48,6,Saturday,True,False
20281203,2028-12-03,2028,4,12,December,48,7,Sunday,True,False
20281204,2028-12-04,2028,4,12,December,49,1,Monday,False,True
20281205,2028-12-05,2028,4,12,December,49,2,Tuesday,False,True
20281206,2028-12-06,2028,4,12,December,49,3,Wednesday,False,True
20281207,2028-12-07,2028,4,12,December,49,4,Thursday,False,True
20281208,2028-12-08,2028,4,12,December,49,5,Friday,False,True
20281209,2028-12-09,2028,4,12,December,49,6,Saturday,True,False
20281210,2028-12-10,2028,4,12,December,49,7,Sunday,True,False
20281211,2028-12-11,2028,4,12,December,50,1,Monday,False,True
20281212,2028-12-12,2028,4,12,December,50,2,Tuesday,False,True
20281213,2028-12-13,2028,4,12,December,50,3,Wednesday,False,True
20281214,2028-12-14,2028,4,12,December,50,4,Thursday,False,True
20281215,2028-12-15,2028,4,12,December,50,5,Friday,False,True
20281216,2028-12-16,2028,4,12,December,50,6,Saturday,True,False
20281217,2028-12-17,2028,4,12,December,50,7,Sunday,True,False
20281218,2028-12-18,2028,4,12,December,51,1,Monday,False,True
20281219,2028-12-19,2028,4,12,December,51,2,Tuesday,False,True
20281220,2028-12-20,2028,4,12,December,51,3,Wednesday,False,True
20281221,2028-12-21,2028,4,12,December,51,4,Thursday,False,True
20281222,2028-12-22,2028,4,12,December,51,5,Friday,False,True
20281223,2028-12-23,2028,4,12,December,51,6,Saturday,True,False
20281224,2028-12-24,2028,4,12,December,51,7,Sunday,True,False
20281225,2028-12-25,2028,4,12,December,52,1,Monday,False,False
20281226,2028-12-26,2028,4,12,December,52,2,Tuesday,False,True
20281227,2028-12-27,2028,4,12,December,52,3,Wednesday,False,True
20281228,2028-12-28,2028,4,12,December,52,4,Thursday,False,True
20281229,2028-12-29,2028,4,12,December,52,5,Friday,False,True
20281230,2028-12-30,2028,4,12,December,52,6,Saturday,True,False
20281231,2028-12-31,2028,4,12,December,52,7,Sunday,True,False
20290101,2029-01-01,2029,1,1,January,1,1,Monday,False,False
20290102,2029-01-02,2029,1,1,January,1,2,Tuesday,False,True
20290103,2029-01-03,2029,1,1,January,1,3,Wednesday,False,True
20290104,2029-01-04,2029,1,1,January,1,4,Thursday,False,True
20290105,2029-01-05,2029,1,1,January,1,5,Friday,False,True
20290106,2029-01-06,2029,1,1,January,1,6,Saturday,True,False
20290107,2029-01-07,2029,1,1,January,1,7,Sunday,True,False
20290108,2029-01-08,2029,1,1,January,2,1,Monday,False,True
20290109,2029-01-09,2029,1,1,January,2,2,Tuesday,False,True
20290110,2029-01-10,2029,1,1,January,2,3,Wednesday,False,True
20290111,2029-01-11,2029,1,1,January,2,4,Thursday,False,True
20290112,2029-01-12,2029,1,1,January,2,5,Friday,False,True
20290113,2029-01-13,2029,1,1,January,2,6,Saturday,True,False
20290114,2029-01-14,2029,1,1,January,2,7,Sunday,True,False
20290115,2029-01-15,2029,1,1,January,3,1,Monday,False,True
20290116,2029-01-16,2029,1,1,January,3,2,Tuesday,False,True
20290117,2029-01-17,2029,1,1,January,3,3,Wednesday,False,True
20290118,2029-01-18,2029,1,1,January,3,4,Thursday,False,True
20290119,2029-01-19,2029,1,1,January,3,5,Friday,False,True
20290120,2029-01-20,2029,1,1,January,3,6,Saturday,True,False
20290121,2029-01-21,2029,1,1,January,3,7,Sunday,True,False
20290122,2029-01-22,2029,1,1,January,4,1,Monday,False,True
20290123,2029-01-23,2029,1,1,January,4,2,Tuesday,False,True
20290124,2029-01-24,2029,1,1,January,4,3,Wednesday,False,True
20290125,2029-01-25,2029,1,1,January,4,4,Thursday,False,True
20290126,2029-01-26,2029,1,1,January,4,5,Friday,False,True
20290127,2029-01-27,2029,1,1,January,4,6,Saturday,True,False
20290128,2029-01-28,2029,1,1,January,4,7,Sunday,True,False
20290129,2029-01-29,2029,1,1,January,5,1,Monday,False,True
20290130,2029-01-30,2029,1,1,January,5,2,Tuesday,False,True
20290131,2029-01-31,2029,1,1,January,5,3,Wednesday,False,True
20290201,2029-02-01,2029,1,2,February,5,4,Thursday,False,True
20290202,2029-02-02,2029,1,2,February,5,5,Friday,False,True
20290203,2029-02-03,2029,1,2,February,5,6,Saturday,True,False
20290204,2029-02-04,2029,1,2,February,5,7,Sunday,True,False
20290205,2029-02-05,2029,1,2,February,6,1,Monday,False,True
20290206,2029-02-06,2029,1,2,February,6,2,Tuesday,False,True
20290207,2029-02-07,2029,1,2,February,6,3,Wednesday,False,True
20290208,2029-02-08,2029,1,2,February,6,4,Thursday,False,True
20290209,2029-02-09,2029,1,2,February,6,5,Friday,False,True
20290210,2029-02-10,2029,1,2,February,6,6,Saturday,True,False
20290211,2029-02-11,2029,1,2,February,6,7,Sunday,True,False
20290212,2029-02-12,2029,1,2,February,7,1,Monday,False,True
20290213,2029-02-13,2029,1,2,February,7,2,Tuesday,False,True
20290214,2029-02-14,2029,1,2,February,7,3,Wednesday,False,True
20290215,2029-02-15,2029,1,2,February,7,4,Thursday,False,True
20290216,2029-02-16,2029,1,2,February,7,5,Friday,False,True
20290217,2029-02-17,2029,1,2,February,7,6,Saturday,True,False
20290218,2029-02-18,2029,1,2,February,7,7,Sunday,True,False
20290219,2029-02-19,2029,1,2,February,8,1,Monday,False,True
20290220,2029-02-20,2029,1,2,February,8,2,Tuesday,False,True
20290221,2029-02-21,2029,1,2,February,8,3,Wednesday,False,True
20290222,2029-02-22,2029,1,2,February,8,4,Thursday,False,True
20290223,2029-02-23,2029,1,2,February,8,5,Friday,False,True
20290224,2029-02-24,2029,1,2,February,8,6,Saturday,True,False
20290225,2029-02-25,2029,1,2,February,8,7,Sunday,True,False
20290226,2029-02-26,2029,1,2,February,9,1,Monday,False,True
20290227,2029-02-27,2029,1,2,February,9,2,Tuesday,False,True
20290228,2029-02-28,2029,1,2,February,9,3,Wednesday,False,True
20290301,2029-03-01,2029,1,3,March,9,4,Thursday,False,True
20290302,2029-03-02,2029,1,3,March,9,5,Friday,False,True
20290303,2029-03-03,2029,1,3,March,9,6,Saturday,True,False
20290304,2029-03-04,2029,1,3,March,9,7,Sunday,True,False
20290305,2029-03-05,2029,1,3,March,10,1,Monday,False,True
20290306,2029-03-06,2029,1,3,March,10,2,Tuesday,False,True
20290307,2029-03-07,2029,1,3,March,10,3,Wednesday,False,True
20290308,2029-03-08,2029,1,3,March,10,4,Thursday,False,True
20290309,2029-03-09,2029,1,3,March,10,5,Friday,False,True
20290310,2029-03-10,2029,1,3,March,10,6,Saturday,True,False
20290311,2029-03-11,2029,1,3,March,10,7,Sunday,True,False
20290312,2029-03-12,2029,1,3,March,11,1,Monday,False,True
20290313,2029-03-13,2029,1,3,March,11,2,Tuesday,False,True
20290314,2029-03-14,2029,1,3,March,11,3,Wednesday,False,True
20290315,2029-03-15,2029,1,3,March,11,4,Thursday,False,True
20290316,2029-03-16,2029,1,3,March,11,5,Friday,False,True
20290317,2029-03-17,2029,1,3,March,11,6,Saturday,True,False
20290318,2029-03-18,2029,1,3,March,11,7,Sunday,True,False
20290319,2029-03-19,2029,1,3,March,12,1,Monday,False,True
20290320,2029-03-20,2029,1,3,March,12,2,Tuesday,False,True
20290321,2029-03-21,2029,1,3,March,12,3,Wednesday,False,True
20290322,2029-03-22,2029,1,3,March,12,4,Thursday,False,True
20290323,2029-03-23,2029,1,3,March,12,5,Friday,False,True
20290324,2029-03-24,2029,1,3,March,12,6,Saturday,True,False
20290325,2029-03-25,2029,1,3,March,12,7,Sunday,True,False
20290326,2029-03-26,2029,1,3,March,13,1,Monday,False,True
20290327,2029-03-27,2029,1,3,March,13,2,Tuesday,False,True
20290328,2029-03-28,2029,1,3,March,13,3,Wednesday,False,True
20290329,2029-03-29,2029,1,3,March,13,4,Thursday,False,True
20290330,2029-03-30,2029,1,3,March,13,5,Friday,False,True
20290331,2029-03-31,2029,1,3,March,13,6,Saturday,True,False
20290401,2029-04-01,2029,2,4,April,13,7,Sunday,True,False
20290402,2029-04-02,2029,2,4,April,14,1,Monday,False,True
20290403,2029-04-03,2029,2,4,April,14,2,Tuesday,False,True
20290404,2029-04-04,2029,2,4,April,14,3,Wednesday,False,True
20290405,2029-04-05,2029,2,4,April,14,4,Thursday,False,True
20290406,2029-04-06,2029,2,4,April,14,5,Friday,False,True
20290407,2029-04-07,2029,2,4,April,14,6,Saturday,True,False
20290408,2029-04-08,2029,2,4,April,14,7,Sunday,True,False
20290409,2029-04-09,2029,2,4,April,15,1,Monday,False,True
20290410,2029-04-10,2029,2,4,April,15,2,Tuesday,False,True
20290411,2029-04-11,2029,2,4,April,15,3,Wednesday,False,True
20290412,2029-04-12,2029,2,4,April,15,4,Thursday,False,True
20290413,2029-04-13,2029,2,4,April,15,5,Friday,False,True
20290414,2029-04-14,2029,2,4,April,15,6,Saturday,True,False
20290415,2029-04-15,2029,2,4,April,15,7,Sunday,True,False
20290416,2029-04-16,2029,2,4,April,16,1,Monday,False,True
20290417,2029-04-17,2029,2,4,April,16,2,Tuesday,False,True
20290418,2029-04-18,2029,2,4,April,16,3,Wednesday,False,True
20290419,2029-04-19,2029,2,4,April,16,4,Thursday,False,True
20290420,2029-04-20,2029,2,4,April,16,5,Friday,False,True
20290421,2029-04-21,2029,2,4,April,16,6,Saturday,True,False
20290422,2029-04-22,2029,2,4,April,16,7,Sunday,True,False
20290423,2029-04-23,2029,2,4,April,17,1,Monday,False,True
20290424,2029-04-24,2029,2,4,April,17,2,Tuesday,False,True
20290425,2029-04-25,2029,2,4,April,17,3,Wednesday,False,True
20290426,2029-04-26,2029,2,4,April,17,4,Thursday,False,True
20290427,2029-04-27,2029,2,4,April,17,5,Friday,False,True
20290428,2029-04-28,2029,2,4,April,17,6,Saturday,True,False
20290429,2029-04-29,2029,2,4,April,17,7,Sunday,True,False
20290430,2029-04-30,2029,2,4,April,18,1,Monday,False,True
20290501,2029-05-01,2029,2,5,May,18,2,Tuesday,False,False
20290502,2029-05-02,2029,2,5,May,18,3,Wednesday,False,True
20290503,2029-05-03,2029,2,5,May,18,4,Thursday,False,True
20290504,2029-05-04,2029,2,5,May,18,5,Friday,False,True
20290505,2029-05-05,2029,2,5,May,18,6,Saturday,True,False
20290506,2029-05-06,2029,2,5,May,18,7,Sunday,True,False
20290507,2029-05-07,2029,2,5,May,19,1,Monday,False,True
20290508,2029-05-08,2029,2,5,May,19,2,Tuesday,False,True
20290509,2029-05-09,2029,2,5,May,19,3,Wednesday,False,True
20290510,2029-05-10,2029,2,5,May,19,4,Thursday,False,True
20290511,2029-05-11,2029,2,5,May,19,5,Friday,False,True
20290512,2029-05-12,2029,2,5,May,19,6,Saturday,True,False
20290513,2029-05-13,2029,2,5,May,19,7,Sunday,True,False
20290514,2029-05-14,2029,2,5,May,20,1,Monday,False,True
20290515,2029-05-15,2029,2,5,May,20,2,Tuesday,False,True
20290516,2029-05-16,2029,2,5,May,20,3,Wednesday,False,True
20290517,2029-05-17,2029,2,5,May,20,4,Thursday,False,True
20290518,2029-05-18,2029,2,5,May,20,5,Friday,False,True
20290519,2029-05-19,2029,2,5,May,20,6,Saturday,True,False
20290520,2029-05-20,2029,2,5,May,20,7,Sunday,True,False
20290521,2029-05-21,2029,2,5,May,21,1,Monday,False,True
20290522,2029-05-22,2029,2,5,May,21,2,Tuesday,False,True
20290523,2029-05-23,2029,2,5,May,21,3,Wednesday,False,True
20290524,2029-05-24,2029,2,5,May,21,4,Thursday,False,True
20290525,2029-05-25,2029,2,5,May,21,5,Friday,False,True
20290526,2029-05-26,2029,2,5,May,21,6,Saturday,True,False
20290527,2029-05-27,2029,2,5,May,21,7,Sunday,True,False
20290528,2029-05-28,2029,2,5,May,22,1,Monday,False,True
20290529,2029-05-29,2029,2,5,May,22,2,Tuesday,False,True
20290530,2029-05-30,2029,2,5,May,22,3,Wednesday,False,True
20290531,2029-05-31,2029,2,5,May,22,4,Thursday,False,True
20290601,2029-06-01,2029,2,6,June,22,5,Friday,False,True
20290602,2029-06-02,2029,2,6,June,22,6,Saturday,True,False
20290603,2029-06-03,2029,2,6,June,22,7,Sunday,True,False
20290604,2029-06-04,2029,2,6,June,23,1,Monday,False,True
20290605,2029-06-05,2029,2,6,June,23,2,Tuesday,False,True
20290606,2029-06-06,2029,2,6,June,23,3,Wednesday,False,True
20290607,2029-06-07,2029,2,6,June,23,4,Thursday,False,True
20290608,2029-06-08,2029,2,6,June,23,5,Friday,False,True
20290609,2029-06-09,2029,2,6,June,23,6,Saturday,True,False
20290610,2029-06-10,2029,2,6,June,23,7,Sunday,True,False
20290611,2029-06-11,2029,2,6,June,24,1,Monday,False,True
20290612,2029-06-12,2029,2,6,June,24,2,Tuesday,False,True
20290613,2029-06-13,2029,2,6,June,24,3,Wednesday,False,True
20290614,2029-06-14,2029,2,6,June,24,4,Thursday,False,True
20290615,2029-06-15,2029,2,6,June,24,5,Friday,False,True
20290616,2029-06-16,2029,2,6,June,24,6,Saturday,True,False
20290617,2029-06-17,2029,2,6,June,24,7,Sunday,True,False
20290618,2029-06-18,2029,2,6,June,25,1,Monday,False,True
20290619,2029-06-19,2029,2,6,June,25,2,Tuesday,False,True
20290620,2029-06-20,2029,2,6,June,25,3,Wednesday,False,True
20290621,2029-06-21,2029,2,6,June,25,4,Thursday,False,True
20290622,2029-06-22,2029,2,6,June,25,5,Friday,False,True
20290623,2029-06-23,2029,2,6,June,25,6,Saturday,True,False
20290624,2029-06-24,2029,2,6,June,25,7,Sunday,True,False
20290625,2029-06-25,2029,2,6,June,26,1,Monday,False,True
20290626,2029-06-26,2029,2,6,June,26,2,Tuesday,False,True
20290627,2029-06-27,2029,2,6,June,26,3,Wednesday,False,True
20290628,2029-06-28,2029,2,6,June,26,4,Thursday,False,True
20290629,2029-06-29,2029,2,6,June,26,5,Friday,False,True
20290630,2029-06-30,2029,2,6,June,26,6,Saturday,True,False
20290701,2029-07-01,2029,3,7,July,26,7,Sunday,True,False
20290702,2029-07-02,2029,3,7,July,27,1,Monday,False,True
20290703,2029-07-03,2029,3,7,July,27,2,Tuesday,False,True
20290704,2029-07-04,2029,3,7,July,27,3,Wednesday,False,True
20290705,2029-07-05,2029,3,7,July,27,4,Thursday,False,True
20290706,2029-07-06,2029,3,7,July,27,5,Friday,False,True
20290707,2029-07-07,2029,3,7,July,27,6,Saturday,True,False
20290708,2029-07-08,2029,3,7,July,27,7,Sunday,True,False
20290709,2029-07-09,2029,3,7,July,28,1,Monday,False,True
20290710,2029-07-10,2029,3,7,July,28,2,Tuesday,False,True
20290711,2029-07-11,2029,3,7,July,28,3,Wednesday,False,True
20290712,2029-07-12,2029,3,7,July,28,4,Thursday,False,True
20290713,2029-07-13,2029,3,7,July,28,5,Friday,False,True
20290714,2029-07-14,2029,3,7,July,28,6,Saturday,True,False
20290715,2029-07-15,2029,3,7,July,28,7,Sunday,True,False
20290716,2029-07-16,2029,3,7,July,29,1,Monday,False,True
20290717,2029-07-17,2029,3,7,July,29,2,Tuesday,False,True
20290718,2029-07-18,2029,3,7,July,29,3,Wednesday,False,True
20290719,2029-07-19,2029,3,7,July,29,4,Thursday,False,True
20290720,2029-07-20,2029,3,7,July,29,5,Friday,False,True
20290721,2029-07-21,2029,3,7,July,29,6,Saturday,True,False
20290722,2029-07-22,2029,3,7,July,29,7,Sunday,True,False
20290723,2029-07-23,2029,3,7,July,30,1,Monday,False,True
20290724,2029-07-24,2029,3,7,July,30,2,Tuesday,False,True
20290725,2029-07-25,2029,3,7,July,30,3,Wednesday,False,True
20290726,2029-07-26,2029,3,7,July,30,4,Thursday,False,True
20290727,2029-07-27,2029,3,7,July,30,5,Friday,False,True
20290728,2029-07-28,2029,3,7,July,30,6,Saturday,True,False
20290729,2029-07-29,2029,3,7,July,30,7,Sunday,True,False
20290730,2029-07-30,2029,3,7,July,31,1,Monday,False,True
20290731,2029-07-31,2029,3,7,July,31,2,Tuesday,False,True
20290801,2029-08-01,2029,3,8,August,31,3,Wednesday,False,True
20290802,2029-08-02,2029,3,8,August,31,4,Thursday,False,True
20290803,2029-08-03,2029,3,8,August,31,5,Friday,False,True
20290804,2029-08-04,2029,3,8,August,31,6,Saturday,True,False
20290805,2029-08-05,2029,3,8,August,31,7,Sunday,True,False
20290806,2029-08-06,2029,3,8,August,32,1,Monday,False,True
20290807,2029-08-07,2029,3,8,August,32,2,Tuesday,False,True
20290808,2029-08-08,2029,3,8,August,32,3,Wednesday,False,True
20290809,2029-08-09,2029,3,8,August,32,4,Thursday,False,True
20290810,2029-08-10,2029,3,8,August,32,5,Friday,False,True
20290811,2029-08-11,2029,3,8,August,32,6,Saturday,True,False
20290812,2029-08-12,2029,3,8,August,32,7,Sunday,True,False
20290813,2029-08-13,2029,3,8,August,33,1,Monday,False,True
20290814,2029-08-14,2029,3,8,August,33,2,Tuesday,False,True
20290815,2029-08-15,2029,3,8,August,33,3,Wednesday,False,True
20290816,2029-08-16,2029,3,8,August,33,4,Thursday,False,True
20290817,2029-08-17,2029,3,8,August,33,5,Friday,False,True
20290818,2029-08-18,2029,3,8,August,33,6,Saturday,True,False
20290819,2029-08-19,2029,3,8,August,33,7,Sunday,True,False
20290820,2029-08-20,2029,3,8,August,34,1,Monday,False,True
20290821,2029-08-21,2029,3,8,August,34,2,Tuesday,False,True
20290822,2029-08-22,2029,3,8,August,34,3,Wednesday,False,True
20290823,2029-08-23,2029,3,8,August,34,4,Thursday,False,True
20290824,2029-08-24,2029,3,8,August,34,5,Friday,False,True
20290825,2029-08-25,2029,3,8,August,34,6,Saturday,True,False
20290826,2029-08-26,2029,3,8,August,34,7,Sunday,True,False
20290827,2029-08-27,2029,3,8,August,35,1,Monday,False,True
20290828,2029-08-28,2029,3,8,August,35,2,Tuesday,False,True
20290829,2029-08-29,2029,3,8,August,35,3,Wednesday,False,True
20290830,2029-08-30,2029,3,8,August,35,4,Thursday,False,True
20290831,2029-08-31,2029,3,8,August,35,5,Friday,False,True
20290901,2029-09-01,2029,3,9,September,35,6,Saturday,True,False
20290902,2029-09-02,2029,3,9,September,35,7,Sunday,True,False
20290903,2029-09-03,2029,3,9,September,36,1,Monday,False,True
20290904,2029-09-04,2029,3,9,September,36,2,Tuesday,False,True
20290905,2029-09-05,2029,3,9,September,36,3,Wednesday,False,True
20290906,2029-09-06,2029,3,9,September,36,4,Thursday,False,True
20290907,2029-09-07,2029,3,9,September,36,5,Friday,False,False
20290908,2029-09-08,2029,3,9,September,36,6,Saturday,True,False
20290909,2029-09-09,2029,3,9,September,36,7,Sunday,True,False
20290910,2029-09-10,2029,3,9,September,37,1,Monday,False,True
20290911,2029-09-11,2029,3,9,September,37,2,Tuesday,False,True
20290912,2029-09-12,2029,3,9,September,37,3,Wednesday,False,True
20290913,2029-09-13,2029,3,9,September,37,4,Thursday,False,True
20290914,2029-09-14,2029,3,9,September,37,5,Friday,False,True
20290915,2029-09-15,2029,3,9,September,37,6,Saturday,True,False
20290916,2029-09-16,2029,3,9,September,37,7,Sunday,True,False
20290917,2029-09-17,2029,3,9,September,38,1,Monday,False,True
20290918,2029-09-18,2029,3,9,September,38,2,Tuesday,False,True
20290919,2029-09-19,2029,3,9,September,38,3,Wednesday,False,True
20290920,2029-09-20,2029,3,9,September,38,4,Thursday,False,True
20290921,2029-09-21,2029,3,9,September,38,5,Friday,False,True
20290922,2029-09-22,2029,3,9,September,38,6,Saturday,True,False
20290923,2029-09-23,2029,3,9,September,38,7,Sunday,True,False
20290924,2029-09-24,2029,3,9,September,39,1,Monday,False,True
20290925,2029-09-25,2029,3,9,September,39,2,Tuesday,False,True
20290926,2029-09-26,2029,3,9,September,39,3,Wednesday,False,True
20290927,2029-09-27,2029,3,9,September,39,4,Thursday,False,True
20290928,2029-09-28,2029,3,9,September,39,5,Friday,False,True
20290929,2029-09-29,2029,3,9,September,39,6,Saturday,True,False
20290930,2029-09-30,2029,3,9,September,39,7,Sunday,True,False
20291001,2029-10-01,2029,4,10,October,40,1,Monday,False,True
20291002,2029-10-02,2029,4,10,October,40,2,Tuesday,False,True
20291003,2029-10-03,2029,4,10,October,40,3,Wednesday,False,True
20291004,2029-10-04,2029,4,10,October,40,4,Thursday,False,True
20291005,2029-10-05,2029,4,10,October,40,5,Friday,False,True
20291006,2029-10-06,2029,4,10,October,40,6,Saturday,True,False
20291007,2029-10-07,2029,4,10,October,40,7,Sunday,True,False
20291008,2029-10-08,2029,4,10,October,41,1,Monday,False,True
20291009,2029-10-09,2029,4,10,October,41,2,Tuesday,False,True
20291010,2029-10-10,2029,4,10,October,41,3,Wednesday,False,True
20291011,2029-10-11,2029,4,10,October,41,4,Thursday,False,True
20291012,2029-10-12,2029,4,10,October,41,5,Friday,False,False
20291013,2029-10-13,2029,4,10,October,41,6,Saturday,True,False
20291014,2029-10-14,2029,4,10,October,41,7,Sunday,True,False
20291015,2029-10-15,2029,4,10,October,42,1,Monday,False,True
20291016,2029-10-16,2029,4,10,October,42,2,Tuesday,False,True
20291017,2029-10-17,2029,4,10,October,42,3,Wednesday,False,True
20291018,2029-10-18,2029,4,10,October,42,4,Thursday,False,True
20291019,2029-10-19,2029,4,10,October,42,5,Friday,False,True
20291020,2029-10-20,2029,4,10,October,42,6,Saturday,True,False
20291021,2029-10-21,2029,4,10,October,42,7,Sunday,True,False
20291022,2029-10-22,2029,4,10,October,43,1,Monday,False,True
20291023,2029-10-23,2029,4,10,October,43,2,Tuesday,False,True
20291024,2029-10-24,2029,4,10,October,43,3,Wednesday,False,True
20291025,2029-10-25,2029,4,10,October,43,4,Thursday,False,True
20291026,2029-10-26,2029,4,10,October,43,5,Friday,False,True
20291027,2029-10-27,2029,4,10,October,43,6,Saturday,True,False
20291028,2029-10-28,2029,4,10,October,43,7,Sunday,True,False
20291029,2029-10-29,2029,4,10,October,44,1,Monday,False,True
20291030,2029-10-30,2029,4,10,October,44,2,Tuesday,False,True
20291031,2029-10-31,2029,4,10,October,44,3,Wednesday,False,True
20291101,2029-11-01,2029,4,11,November,44,4,Thursday,False,True
20291102,2029-11-02,2029,4,11,November,44,5,Friday,False,False
20291103,2029-11-03,2029,4,11,November,44,6,Saturday,True,False
20291104,2029-11-04,2029,4,11,November,44,7,Sunday,True,False
20291105,2029-11-05,2029,4,11,November,45,1,Monday,False,True
20291106,2029-11-06,2029,4,11,November,45,2,Tuesday,False,True
20291107,2029-11-07,2029,4,11,November,45,3,Wednesday,False,True
20291108,2029-11-08,2029,4,11,November,45,4,Thursday,False,True
20291109,2029-11-09,2029,4,11,November,45,5,Friday,False,True
20291110,2029-11-10,2029,4,11,November,45,6,Saturday,True,False
20291111,2029-11-11,2029,4,11,November,45,7,Sunday,True,False
20291112,2029-11-12,2029,4,11,November,46,1,Monday,False,True
20291113,2029-11-13,2029,4,11,November,46,2,Tuesday,False,True
20291114,2029-11-14,2029,4,11,November,46,3,Wednesday,False,True
20291115,2029-11-15,2029,4,11,November,46,4,Thursday,False,False
20291116,2029-11-16,2029,4,11,November,46,5,Friday,False,True
20291117,2029-11-17,2029,4,11,November,46,6,Saturday,True,False
20291118,2029-11-18,2029,4,11,November,46,7,Sunday,True,False
20291119,2029-11-19,2029,4,11,November,47,1,Monday,False,True
20291120,2029-11-20,2029,4,11,November,47,2,Tuesday,False,True
20291121,2029-11-21,2029,4,11,November,47,3,Wednesday,False,True
20291122,2029-11-22,2029,4,11,November,47,4,Thursday,False,True
20291123,2029-11-23,2029,4,11,November,47,5,Friday,False,True
20291124,2029-11-24,2029,4,11,November,47,6,Saturday,True,False
20291125,2029-11-25,2029,4,11,November,47,7,Sunday,True,False
20291126,2029-11-26,2029,4,11,November,48,1,Monday,False,True
20291127,2029-11-27,2029,4,11,November,48,2,Tuesday,False,True
20291128,2029-11-28,2029,4,11,November,48,3,Wednesday,False,True
20291129,2029-11-29,2029,4,11,November,48,4,Thursday,False,True
20291130,2029-11-30,2029,4,11,November,48,5,Friday,False,True
20291201,2029-12-01,2029,4,12,December,48,6,Saturday,True,False
20291202,2029-12-02,2029,4,12,December,48,7,Sunday,True,False
20291203,2029-12-03,2029,4,12,December,49,1,Monday,False,True
20291204,2029-12-04,2029,4,12,December,49,2,Tuesday,False,True
20291205,2029-12-05,2029,4,12,December,49,3,Wednesday,False,True
20291206,2029-12-06,2029,4,12,December,49,4,Thursday,False,True
20291207,2029-12-07,2029,4,12,December,49,5,Friday,False,True
20291208,2029-12-08,2029,4,12,December,49,6,Saturday,True,False
20291209,2029-12-09,2029,4,12,December,49,7,Sunday,True,False
20291210,2029-12-10,2029,4,12,December,50,1,Monday,False,True
20291211,2029-12-11,2029,4,12,December,50,2,Tuesday,False,True
20291212,2029-12-12,2029,4,12,December,50,3,Wednesday,False,True
20291213,2029-12-13,2029,4,12,December,50,4,Thursday,False,True
20291214,2029-12-14,2029,4,12,December,50,5,Friday,False,True
20291215,2029-12-15,2029,4,12,December,50,6,Saturday,True,False
20291216,2029-12-16,2029,4,12,December,50,7,Sunday,True,False
20291217,2029-12-17,2029,4,12,December,51,1,Monday,False,True
20291218,2029-12-18,2029,4,12,December,51,2,Tuesday,False,True
20291219,2029-12-19,2029,4,12,December,51,3,Wednesday,False,True
20291220,2029-12-20,2029,4,12,December,51,4,Thursday,False,True
20291221,2029-12-21,2029,4,12,December,51,5,Friday,False,True
20291222,2029-12-22,2029,4,12,December,51,6,Saturday,True,False
20291223,2029-12-23,2029,4,12,December,51,7,Sunday,True,False
20291224,2029-12-24,2029,4,12,December,52,1,Monday,False,True
20291225,2029-12-25,2029,4,12,December,52,2,Tuesday,False,False
20291226,2029-12-26,2029,4,12,December,52,3,Wednesday,False,True
20291227,2029-12-27,2029,4,12,December,52,4,Thursday,False,True
20291228,2029-12-28,2029,4,12,December,52,5,Friday,False,True
20291229,2029-12-29,2029,4,12,December,52,6,Saturday,True,False
20291230,2029-12-30,2029,4,12,December,52,7,Sunday,True,False
20291231,2029-12-31,2029,4,12,December,1,1,Monday,False,True
20300101,2030-01-01,2030,1,1,January,1,2,Tuesday,False,False
20300102,2030-01-02,2030,1,1,January,1,3,Wednesday,False,True
20300103,2030-01-03,2030,1,1,January,1,4,Thursday,False,True
20300104,2030-01-04,2030,1,1,January,1,5,Friday,False,True
20300105,2030-01-05,2030,1,1,January,1,6,Saturday,True,False
20300106,2030-01-06,2030,1,1,January,1,7,Sunday,True,False
20300107,2030-01-07,2030,1,1,January,2,1,Monday,False,True
20300108,2030-01-08,2030,1,1,January,2,2,Tuesday,False,True
20300109,2030-01-09,2030,1,1,January,2,3,Wednesday,False,True
20300110,2030-01-10,2030,1,1,January,2,4,Thursday,False,True
20300111,2030-01-11,2030,1,1,January,2,5,Friday,False,True
20300112,2030-01-12,2030,1,1,January,2,6,Saturday,True,False
20300113,2030-01-13,2030,1,1,January,2,7,Sunday,True,False
20300114,2030-01-14,2030,1,1,January,3,1,Monday,False,True
20300115,2030-01-15,2030,1,1,January,3,2,Tuesday,False,True
20300116,2030-01-16,2030,1,1,January,3,3,Wednesday,False,True
20300117,2030-01-17,2030,1,1,January,3,4,Thursday,False,True
20300118,2030-01-18,2030,1,1,January,3,5,Friday,False,True
20300119,2030-01-19,2030,1,1,January,3,6,Saturday,True,False
20300120,2030-01-20,2030,1,1,January,3,7,Sunday,True,False
20300121,2030-01-21,2030,1,1,January,4,1,Monday,False,True
20300122,2030-01-22,2030,1,1,January,4,2,Tuesday,False,True
20300123,2030-01-23,2030,1,1,January,4,3,Wednesday,False,True
20300124,2030-01-24,2030,1,1,January,4,4,Thursday,False,True
20300125,2030-01-25,2030,1,1,January,4,5,Friday,False,True
20300126,2030-01-26,2030,1,1,January,4,6,Saturday,True,False
20300127,2030-01-27,2030,1,1,January,4,7,Sunday,True,False
20300128,2030-01-28,2030,1,1,January,5,1,Monday,False,True
20300129,2030-01-29,2030,1,1,January,5,2,Tuesday,False,True
20300130,2030-01-30,2030,1,1,January,5,3,Wednesday,False,True
20300131,2030-01-31,2030,1,1,January,5,4,Thursday,False,True
20300201,2030-02-01,2030,1,2,February,5,5,Friday,False,True
20300202,2030-02-02,2030,1,2,February,5,6,Saturday,True,False
20300203,2030-02-03,2030,1,2,February,5,7,Sunday,True,False
20300204,2030-02-04,2030,1,2,February,6,1,Monday,False,True
20300205,2030-02-05,2030,1,2,February,6,2,Tuesday,False,True
20300206,2030-02-06,2030,1,2,February,6,3,Wednesday,False,True
20300207,2030-02-07,2030,1,2,February,6,4,Thursday,False,True
20300208,2030-02-08,2030,1,2,February,6,5,Friday,False,True
20300209,2030-02-09,2030,1,2,February,6,6,Saturday,True,False
20300210,2030-02-10,2030,1,2,February,6,7,Sunday,True,False
20300211,2030-02-11,2030,1,2,February,7,1,Monday,False,True
20300212,2030-02-12,2030,1,2,February,7,2,Tuesday,False,True
20300213,2030-02-13,2030,1,2,February,7,3,Wednesday,False,True
20300214,2030-02-14,2030,1,2,February,7,4,Thursday,False,True
20300215,2030-02-15,2030,1,2,February,7,5,Friday,False,True
20300216,2030-02-16,2030,1,2,February,7,6,Saturday,True,False
20300217,2030-02-17,2030,1,2,February,7,7,Sunday,True,False
20300218,2030-02-18,2030,1,2,February,8,1,Monday,False,True
20300219,2030-02-19,2030,1,2,February,8,2,Tuesday,False,True
20300220,2030-02-20,2030,1,2,February,8,3,Wednesday,False,True
20300221,2030-02-21,2030,1,2,February,8,4,Thursday,False,True
20300222,2030-02-22,2030,1,2,February,8,5,Friday,False,True
20300223,2030-02-23,2030,1,2,February,8,6,Saturday,True,False
20300224,2030-02-24,2030,1,2,February,8,7,Sunday,True,False
20300225,2030-02-25,2030,1,2,February,9,1,Monday,False,True
20300226,2030-02-26,2030,1,2,February,9,2,Tuesday,False,True
20300227,2030-02-27,2030,1,2,February,9,3,Wednesday,False,True
20300228,2030-02-28,2030,1,2,February,9,4,Thursday,False,True
20300301,2030-03-01,2030,1,3,March,9,5,Friday,False,True
20300302,2030-03-02,2030,1,3,March,9,6,Saturday,True,False
20300303,2030-03-03,2030,1,3,March,9,7,Sunday,True,False
20300304,2030-03-04,2030,1,3,March,10,1,Monday,False,True
20300305,2030-03-05,2030,1,3,March,10,2,Tuesday,False,True
20300306,2030-03-06,2030,1,3,March,10,3,Wednesday,False,True
20300307,2030-03-07,2030,1,3,March,10,4,Thursday,False,True
20300308,2030-03-08,2030,1,3,March,10,5,Friday,False,True
20300309,2030-03-09,2030,1,3,March,10,6,Saturday,True,False
20300310,2030-03-10,2030,1,3,March,10,7,Sunday,True,False
20300311,2030-03-11,2030,1,3,March,11,1,Monday,False,True
20300312,2030-03-12,2030,1,3,March,11,2,Tuesday,False,True
20300313,2030-03-13,2030,1,3,March,11,3,Wednesday,False,True
20300314,2030-03-14,2030,1,3,March,11,4,Thursday,False,True
20300315,2030-03-15,2030,1,3,March,11,5,Friday,False,True
20300316,2030-03-16,2030,1,3,March,11,6,Saturday,True,False
20300317,2030-03-17,2030,1,3,March,11,7,Sunday,True,False
20300318,2030-03-18,2030,1,3,March,12,1,Monday,False,True
20300319,2030-03-19,2030,1,3,March,12,2,Tuesday,False,True
20300320,2030-03-20,2030,1,3,March,12,3,Wednesday,False,True
20300321,2030-03-21,2030,1,3,March,12,4,Thursday,False,True
20300322,2030-03-22,2030,1,3,March,12,5,Friday,False,True
20300323,2030-03-23,2030,1,3,March,12,6,Saturday,True,False
20300324,2030-03-24,2030,1,3,March,12,7,Sunday,True,False
20300325,2030-03-25,2030,1,3,March,13,1,Monday,False,True
20300326,2030-03-26,2030,1,3,March,13,2,Tuesday,False,True
20300327,2030-03-27,2030,1,3,March,13,3,Wednesday,False,True
20300328,2030-03-28,2030,1,3,March,13,4,Thursday,False,True
20300329,2030-03-29,2030,1,3,March,13,5,Friday,False,True
20300330,2030-03-30,2030,1,3,March,13,6,Saturday,True,False
20300331,2030-03-31,2030,1,3,March,13,7,Sunday,True,False
20300401,2030-04-01,2030,2,4,April,14,1,Monday,False,True
20300402,2030-04-02,2030,2,4,April,14,2,Tuesday,False,True
20300403,2030-04-03,2030,2,4,April,14,3,Wednesday,False,True
20300404,2030-04-04,2030,2,4,April,14,4,Thursday,False,True
20300405,2030-04-05,2030,2,4,April,14,5,Friday,False,True
20300406,2030-04-06,2030,2,4,April,14,6,Saturday,True,False
20300407,2030-04-07,2030,2,4,April,14,7,Sunday,True,False
20300408,2030-04-08,2030,2,4,April,15,1,Monday,False,True
20300409,2030-04-09,2030,2,4,April,15,2,Tuesday,False,True
20300410,2030-04-10,2030,2,4,April,15,3,Wednesday,False,True
20300411,2030-04-11,2030,2,4,April,15,4,Thursday,False,True
20300412,2030-04-12,2030,2,4,April,15,5,Friday,False,True
20300413,2030-04-13,2030,2,4,April,15,6,Saturday,True,False
20300414,2030-04-14,2030,2,4,April,15,7,Sunday,True,False
20300415,2030-04-15,2030,2,4,April,16,1,Monday,False,True
20300416,2030-04-16,2030,2,4,April,16,2,Tuesday,False,True
20300417,2030-04-17,2030,2,4,April,16,3,Wednesday,False,True
20300418,2030-04-18,2030,2,4,April,16,4,Thursday,False,True
20300419,2030-04-19,2030,2,4,April,16,5,Friday,False,True
20300420,2030-04-20,2030,2,4,April,16,6,Saturday,True,False
20300421,2030-04-21,2030,2,4,April,16,7,Sunday,True,False
20300422,2030-04-22,2030,2,4,April,17,1,Monday,False,True
20300423,2030-04-23,2030,2,4,April,17,2,Tuesday,False,True
20300424,2030-04-24,2030,2,4,April,17,3,Wednesday,False,True
20300425,2030-04-25,2030,2,4,April,17,4,Thursday,False,True
20300426,2030-04-26,2030,2,4,April,17,5,Friday,False,True
20300427,2030-04-27,2030,2,4,April,17,6,Saturday,True,False
20300428,2030-04-28,2030,2,4,April,17,7,Sunday,True,False
20300429,2030-04-29,2030,2,4,April,18,1,Monday,False,True
20300430,2030-04-30,2030,2,4,April,18,2,Tuesday,False,True
20300501,2030-05-01,2030,2,5,May,18,3,Wednesday,False,False
20300502,2030-05-02,2030,2,5,May,18,4,Thursday,False,True
20300503,2030-05-03,2030,2,5,May,18,5,Friday,False,True
20300504,2030-05-04,2030,2,5,May,18,6,Saturday,True,False
20300505,2030-05-05,2030,2,5,May,18,7,Sunday,True,False
20300506,2030-05-06,2030,2,5,May,19,1,Monday,False,True
20300507,2030-05-07,2030,2,5,May,19,2,Tuesday,False,True
20300508,2030-05-08,2030,2,5,May,19,3,Wednesday,False,True
20300509,2030-05-09,2030,2,5,May,19,4,Thursday,False,True
20300510,2030-05-10,2030,2,5,May,19,5,Friday,False,True
20300511,2030-05-11,2030,2,5,May,19,6,Saturday,True,False
20300512,2030-05-12,2030,2,5,May,19,7,Sunday,True,False
20300513,2030-05-13,2030,2,5,May,20,1,Monday,False,True
20300514,2030-05-14,2030,2,5,May,20,2,Tuesday,False,True
20300515,2030-05-15,2030,2,5,May,20,3,Wednesday,False,True
20300516,2030-05-16,2030,2,5,May,20,4,Thursday,False,True
20300517,2030-05-17,2030,2,5,May,20,5,Friday,False,True
20300518,2030-05-18,2030,2,5,May,20,6,Saturday,True,False
20300519,2030-05-19,2030,2,5,May,20,7,Sunday,True,False
20300520,2030-05-20,2030,2,5,May,21,1,Monday,False,True
20300521,2030-05-21,2030,2,5,May,21,2,Tuesday,False,True
20300522,2030-05-22,2030,2,5,May,21,3,Wednesday,False,True
20300523,2030-05-23,2030,2,5,May,21,4,Thursday,False,True
20300524,2030-05-24,2030,2,5,May,21,5,Friday,False,True
20300525,2030-05-25,2030,2,5,May,21,6,Saturday,True,False
20300526,2030-05-26,2030,2,5,May,21,7,Sunday,True,False
20300527,2030-05-27,2030,2,5,May,22,1,Monday,False,True
20300528,2030-05-28,2030,2,5,May,22,2,Tuesday,False,True
20300529,2030-05-29,2030,2,5,May,22,3,Wednesday,False,True
20300530,2030-05-30,2030,2,5,May,22,4,Thursday,False,True
20300531,2030-05-31,2030,2,5,May,22,5,Friday,False,True
20300601,2030-06-01,2030,2,6,June,22,6,Saturday,True,False
20300602,2030-06-02,2030,2,6,June,22,7,Sunday,True,False
20300603,2030-06-03,2030,2,6,June,23,1,Monday,False,True
20300604,2030-06-04,2030,2,6,June,23,2,Tuesday,False,True
20300605,2030-06-05,2030,2,6,June,23,3,Wednesday,False,True
20300606,2030-06-06,2030,2,6,June,23,4,Thursday,False,True
20300607,2030-06-07,2030,2,6,June,23,5,Friday,False,True
20300608,2030-06-08,2030,2,6,June,23,6,Saturday,True,False
20300609,2030-06-09,2030,2,6,June,23,7,Sunday,True,False
20300610,2030-06-10,2030,2,6,June,24,1,Monday,False,True
20300611,2030-06-11,2030,2,6,June,24,2,Tuesday,False,True
20300612,2030-06-12,2030,2,6,June,24,3,Wednesday,False,True
20300613,2030-06-13,2030,2,6,June,24,4,Thursday,False,True
20300614,2030-06-14,2030,2,6,June,24,5,Friday,False,True
20300615,2030-06-15,2030,2,6,June,24,6,Saturday,True,False
20300616,2030-06-16,2030,2,6,June,24,7,Sunday,True,False
20300617,2030-06-17,2030,2,6,June,25,1,Monday,False,True
20300618,2030-06-18,2030,2,6,June,25,2,Tuesday,False,True
20300619,2030-06-19,2030,2,6,June,25,3,Wednesday,False,True
20300620,2030-06-20,2030,2,6,June,25,4,Thursday,False,True
20300621,2030-06-21,2030,2,6,June,25,5,Friday,False,True
20300622,2030-06-22,2030,2,6,June,25,6,Saturday,True,False
20300623,2030-06-23,2030,2,6,June,25,7,Sunday,True,False
20300624,2030-06-24,2030,2,6,June,26,1,Monday,False,True
20300625,2030-06-25,2030,2,6,June,26,2,Tuesday,False,True
20300626,2030-06-26,2030,2,6,June,26,3,Wednesday,False,True
20300627,2030-06-27,2030,2,6,June,26,4,Thursday,False,True
20300628,2030-06-28,2030,2,6,June,26,5,Friday,False,True
20300629,2030-06-29,2030,2,6,June,26,6,Saturday,True,False
20300630,2030-06-30,2030,2,6,June,26,7,Sunday,True,False
20300701,2030-07-01,2030,3,7,July,27,1,Monday,False,True
20300702,2030-07-02,2030,3,7,July,27,2,Tuesday,False,True
20300703,2030-07-03,2030,3,7,July,27,3,Wednesday,False,True
20300704,2030-07-04,2030,3,7,July,27,4,Thursday,False,True
20300705,2030-07-05,2030,3,7,July,27,5,Friday,False,True
20300706,2030-07-06,2030,3,7,July,27,6,Saturday,True,False
20300707,2030-07-07,2030,3,7,July,27,7,Sunday,True,False
20300708,2030-07-08,2030,3,7,July,28,1,Monday,False,True
20300709,2030-07-09,2030,3,7,July,28,2,Tuesday,False,True
20300710,2030-07-10,2030,3,7,July,28,3,Wednesday,False,True
20300711,2030-07-11,2030,3,7,July,28,4,Thursday,False,True
20300712,2030-07-12,2030,3,7,July,28,5,Friday,False,True
20300713,2030-07-13,2030,3,7,July,28,6,Saturday,True,False
20300714,2030-07-14,2030,3,7,July,28,7,Sunday,True,False
20300715,2030-07-15,2030,3,7,July,29,1,Monday,False,True
20300716,2030-07-16,2030,3,7,July,29,2,Tuesday,False,True
20300717,2030-07-17,2030,3,7,July,29,3,Wednesday,False,True
20300718,2030-07-18,2030,3,7,July,29,4,Thursday,False,True
20300719,2030-07-19,2030,3,7,July,29,5,Friday,False,True
20300720,2030-07-20,2030,3,7,July,29,6,Saturday,True,False
20300721,2030-07-21,2030,3,7,July,29,7,Sunday,True,False
20300722,2030-07-22,2030,3,7,July,30,1,Monday,False,True
20300723,2030-07-23,2030,3,7,July,30,2,Tuesday,False,True
20300724,2030-07-24,2030,3,7,July,30,3,Wednesday,False,True
20300725,2030-07-25,2030,3,7,July,30,4,Thursday,False,True
20300726,2030-07-26,2030,3,7,July,30,5,Friday,False,True
20300727,2030-07-27,2030,3,7,July,30,6,Saturday,True,False
20300728,2030-07-28,2030,3,7,July,30,7,Sunday,True,False
20300729,2030-07-29,2030,3,7,July,31,1,Monday,False,True
20300730,2030-07-30,2030,3,7,July,31,2,Tuesday,False,True
20300731,2030-07-31,2030,3,7,July,31,3,Wednesday,False,True
20300801,2030-08-01,2030,3,8,August,31,4,Thursday,False,True
20300802,2030-08-02,2030,3,8,August,31,5,Friday,False,True
20300803,2030-08-03,2030,3,8,August,31,6,Saturday,True,False
20300804,2030-08-04,2030,3,8,August,31,7,Sunday,True,False
20300805,2030-08-05,2030,3,8,August,32,1,Monday,False,True
20300806,2030-08-06,2030,3,8,August,32,2,Tuesday,False,True
20300807,2030-08-07,2030,3,8,August,32,3,Wednesday,False,True
20300808,2030-08-08,2030,3,8,August,32,4,Thursday,False,True
20300809,2030-08-09,2030,3,8,August,32,5,Friday,False,True
20300810,2030-08-10,2030,3,8,August,32,6,Saturday,True,False
20300811,2030-08-11,2030,3,8,August,32,7,Sunday,True,False
20300812,2030-08-12,2030,3,8,August,33,1,Monday,False,True
20300813,2030-08-13,2030,3,8,August,33,2,Tuesday,False,True
20300814,2030-08-14,2030,3,8,August,33,3,Wednesday,False,True
20300815,2030-08-15,2030,3,8,August,33,4,Thursday,False,True
20300816,2030-08-16,2030,3,8,August,33,5,Friday,False,True
20300817,2030-08-17,2030,3,8,August,33,6,Saturday,True,False
20300818,2030-08-18,2030,3,8,August,33,7,Sunday,True,False
20300819,2030-08-19,2030,3,8,August,34,1,Monday,False,True
20300820,2030-08-20,2030,3,8,August,34,2,Tuesday,False,True
20300821,2030-08-21,2030,3,8,August,34,3,Wednesday,False,True
20300822,2030-08-22,2030,3,8,August,34,4,Thursday,False,True
20300823,2030-08-23,2030,3,8,August,34,5,Friday,False,True
20300824,2030-08-24,2030,3,8,August,34,6,Saturday,True,False
20300825,2030-08-25,2030,3,8,August,34,7,Sunday,True,False
20300826,2030-08-26,2030,3,8,August,35,1,Monday,False,True
20300827,2030-08-27,2030,3,8,August,35,2,Tuesday,False,True
20300828,2030-08-28,2030,3,8,August,35,3,Wednesday,False,True
20300829,2030-08-29,2030,3,8,August,35,4,Thursday,False,True
20300830,2030-08-30,2030,3,8,August,35,5,Friday,False,True
20300831,2030-08-31,2030,3,8,August,35,6,Saturday,True,False
20300901,2030-09-01,2030,3,9,September,35,7,Sunday,True,False
20300902,2030-09-02,2030,3,9,September,36,1,Monday,False,True
20300903,2030-09-03,2030,3,9,September,36,2,Tuesday,False,True
20300904,2030-09-04,2030,3,9,September,36,3,Wednesday,False,True
20300905,2030-09-05,2030,3,9,September,36,4,Thursday,False,True
20300906,2030-09-06,2030,3,9,September,36,5,Friday,False,True
20300907,2030-09-07,2030,3,9,September,36,6,Saturday,True,False
20300908,2030-09-08,2030,3,9,September,36,7,Sunday,True,False
20300909,2030-09-09,2030,3,9,September,37,1,Monday,False,True
20300910,2030-09-10,2030,3,9,September,37,2,Tuesday,False,True
20300911,2030-09-11,2030,3,9,September,37,3,Wednesday,False,True
20300912,2030-09-12,2030,3,9,September,37,4,Thursday,False,True
20300913,2030-09-13,2030,3,9,September,37,5,Friday,False,True
20300914,2030-09-14,2030,3,9,September,37,6,Saturday,True,False
20300915,2030-09-15,2030,3,9,September,37,7,Sunday,True,False
20300916,2030-09-16,2030,3,9,September,38,1,Monday,False,True
20300917,2030-09-17,2030,3,9,September,38,2,Tuesday,False,True
20300918,2030-09-18,2030,3,9,September,38,3,Wednesday,False,True
20300919,2030-09-19,2030,3,9,September,38,4,Thursday,False,True
20300920,2030-09-20,2030,3,9,September,38,5,Friday,False,True
20300921,2030-09-21,2030,3,9,September,38,6,Saturday,True,False
20300922,2030-09-22,2030,3,9,September,38,7,Sunday,True,False
20300923,2030-09-23,2030,3,9,September,39,1,Monday,False,True
20300924,2030-09-24,2030,3,9,September,39,2,Tuesday,False,True
20300925,2030-09-25,2030,3,9,September,39,3,Wednesday,False,True
20300926,2030-09-26,2030,3,9,September,39,4,Thursday,False,True
20300927,2030-09-27,2030,3,9,September,39,5,Friday,False,True
20300928,2030-09-28,2030,3,9,September,39,6,Saturday,True,False
20300929,2030-09-29,2030,3,9,September,39,7,Sunday,True,False
20300930,2030-09-30,2030,3,9,September,40,1,Monday,False,True
20301001,2030-10-01,2030,4,10,October,40,2,Tuesday,False,True
20301002,2030-10-02,2030,4,10,October,40,3,Wednesday,False,True
20301003,2030-10-03,2030,4,10,October,40,4,Thursday,False,True
20301004,2030-10-04,2030,4,10,October,40,5,Friday,False,True
20301005,2030-10-05,2030,4,10,October,40,6,Saturday,True,False
20301006,2030-10-06,2030,4,10,October,40,7,Sunday,True,False
20301007,2030-10-07,2030,4,10,October,41,1,Monday,False,True
20301008,2030-10-08,2030,4,10,October,41,2,Tuesday,False,True
20301009,2030-10-09,2030,4,10,October,41,3,Wednesday,False,True
20301010,2030-10-10,2030,4,10,October,41,4,Thursday,False,True
20301011,2030-10-11,2030,4,10,October,41,5,Friday,False,True
20301012,2030-10-12,2030,4,10,October,41,6,Saturday,True,False
20301013,2030-10-13,2030,4,10,October,41,7,Sunday,True,False
20301014,2030-10-14,2030,4,10,October,42,1,Monday,False,True
20301015,2030-10-15,2030,4,10,October,42,2,Tuesday,False,True
20301016,2030-10-16,2030,4,10,October,42,3,Wednesday,False,True
20301017,2030-10-17,2030,4,10,October,42,4,Thursday,False,True
20301018,2030-10-18,2030,4,10,October,42,5,Friday,False,True
20301019,2030-10-19,2030,4,10,October,42,6,Saturday,True,False
20301020,2030-10-20,2030,4,10,October,42,7,Sunday,True,False
20301021,2030-10-21,2030,4,10,October,43,1,Monday,False,True
20301022,2030-10-22,2030,4,10,October,43,2,Tuesday,False,True
20301023,2030-10-23,2030,4,10,October,43,3,Wednesday,False,True
20301024,2030-10-24,2030,4,10,October,43,4,Thursday,False,True
20301025,2030-10-25,2030,4,10,October,43,5,Friday,False,True
20301026,2030-10-26,2030,4,10,October,43,6,Saturday,True,False
20301027,2030-10-27,2030,4,10,October,43,7,Sunday,True,False
20301028,2030-10-28,2030,4,10,October,44,1,Monday,False,True
20301029,2030-10-29,2030,4,10,October,44,2,Tuesday,False,True
20301030,2030-10-30,2030,4,10,October,44,3,Wednesday,False,True
20301031,2030-10-31,2030,4,10,October,44,4,Thursday,False,True
20301101,2030-11-01,2030,4,11,November,44,5,Friday,False,True
20301102,2030-11-02,2030,4,11,November,44,6,Saturday,True,False
20301103,2030-11-03,2030,4,11,November,44,7,Sunday,True,False
20301104,2030-11-04,2030,4,11,November,45,1,Monday,False,True
20301105,2030-11-05,2030,4,11,November,45,2,Tuesday,False,True
20301106,2030-11-06,2030,4,11,November,45,3,Wednesday,False,True
20301107,2030-11-07,2030,4,11,November,45,4,Thursday,False,True
20301108,2030-11-08,2030,4,11,November,45,5,Friday,False,True
20301109,2030-11-09,2030,4,11,November,45,6,Saturday,True,False
20301110,2030-11-10,2030,4,11,November,45,7,Sunday,True,False
20301111,2030-11-11,2030,4,11,November,46,1,Monday,False,True
20301112,2030-11-12,2030,4,11,November,46,2,Tuesday,False,True
20301113,2030-11-13,2030,4,11,November,46,3,Wednesday,False,True
20301114,2030-11-14,2030,4,11,November,46,4,Thursday,False,True
20301115,2030-11-15,2030,4,11,November,46,5,Friday,False,False
20301116,2030-11-16,2030,4,11,November,46,6,Saturday,True,False
20301117,2030-11-17,2030,4,11,November,46,7,Sunday,True,False
20301118,2030-11-18,2030,4,11,November,47,1,Monday,False,True
20301119,2030-11-19,2030,4,11,November,47,2,Tuesday,False,True
20301120,2030-11-20,2030,4,11,November,47,3,Wednesday,False,True
20301121,2030-11-21,2030,4,11,November,47,4,Thursday,False,True
20301122,2030-11-22,2030,4,11,November,47,5,Friday,False,True
20301123,2030-11-23,2030,4,11,November,47,6,Saturday,True,False
20301124,2030-11-24,2030,4,11,November,47,7,Sunday,True,False
20301125,2030-11-25,2030,4,11,November,48,1,Monday,False,True
20301126,2030-11-26,2030,4,11,November,48,2,Tuesday,False,True
20301127,2030-11-27,2030,4,11,November,48,3,Wednesday,False,True
20301128,2030-11-28,2030,4,11,November,48,4,Thursday,False,True
20301129,2030-11-29,2030,4,11,November,48,5,Friday,False,True
20301130,2030-11-30,2030,4,11,November,48,6,Saturday,True,False
20301201,2030-12-01,2030,4,12,December,48,7,Sunday,True,False
20301202,2030-12-02,2030,4,12,December,49,1,Monday,False,True
20301203,2030-12-03,2030,4,12,December,49,2,Tuesday,False,True
20301204,2030-12-04,2030,4,12,December,49,3,Wednesday,False,True
20301205,2030-12-05,2030,4,12,December,49,4,Thursday,False,True
20301206,2030-12-06,2030,4,12,December,49,5,Friday,False,True
20301207,2030-12-07,2030,4,12,December,49,6,Saturday,True,False
20301208,2030-12-08,2030,4,12,December,49,7,Sunday,True,False
20301209,2030-12-09,2030,4,12,December,50,1,Monday,False,True
20301210,2030-12-10,2030,4,12,December,50,2,Tuesday,False,True
20301211,2030-12-11,2030,4,12,December,50,3,Wednesday,False,True
20301212,2030-12-12,2030,4,12,December,50,4,Thursday,False,True
20301213,2030-12-13,2030,4,12,December,50,5,Friday,False,True
20301214,2030-12-14,2030,4,12,December,50,6,Saturday,True,False
20301215,2030-12-15,2030,4,12,December,50,7,Sunday,True,False
20301216,2030-12-16,2030,4,12,December,51,1,Monday,False,True
20301217,2030-12-17,2030,4,12,December,51,2,Tuesday,False,True
20301218,2030-12-18,2030,4,12,December,51,3,Wednesday,False,True
20301219,2030-12-19,2030,4,12,December,51,4,Thursday,False,True
20301220,2030-12-20,2030,4,12,December,51,5,Friday,False,True
20301221,2030-12-21,2030,4,12,December,51,6,Saturday,True,False
20301222,2030-12-22,2030,4,12,December,51,7,Sunday,True,False
20301223,2030-12-23,2030,4,12,December,52,1,Monday,False,True
20301224,2030-12-24,2030,4,12,December,52,2,Tuesday,False,True
20301225,2030-12-25,2030,4,12,December,52,3,Wednesday,False,False
20301226,2030-12-26,2030,4,12,December,52,4,Thursday,False,True
20301227,2030-12-27,2030,4,12,December,52,5,Friday,False,True
20301228,2030-12-28,2030,4,12,December,52,6,Saturday,True,False
20301229,2030-12-29,2030,4,12,December,52,7,Sunday,True,False
20301230,2030-12-30,2030,4,12,December,1,1,Monday,False,True
20301231,2030-12-31,2030,4,12,December,1,2,Tuesday,False,True
